guide_slug,group,category,subcategory,business_name,address,city,state,zip,phone,website,email,description,editorial_blurb,tier_2026,accepting_new_patients,serves_pediatrics,offers_military_discount,tags,needs_research,notes
newcomer-guide,Childcare & Preschool,Childcare Centers,Montgomery,Aldersgate Weekday Children's Ministry,6610 Vaughn Road,Montgomery,AL,36116,(334) 277.0880,aldersgateumc.org,,"Our mission is to provide quality childcare and education in a Christian environment that provides opportunities for spiritual, education, emotional and physical development.",,free,,,,,,2025 entry — verify for 2026
newcomer-guide,Childcare & Preschool,Childcare Centers,Montgomery,Avalon Montessori,395 Ray Thorington Road,Montgomery,AL,36117,(334) 725.6797,avalonmontessorimgm.com,,"At Avalon Montessori School, we are committed to nurturing the individual gifts of each young child. We ai?m to provide an environment that promotes diversity, self-discovery, and a love of learning while empowering all students to reach their greatest potential.",,free,,,YES,military-discount,,2025 entry — verify for 2026
newcomer-guide,Childcare & Preschool,Childcare Centers,Montgomery,Cloverdale Preschool Academy,608 E. Fairview Ave,Montgomery,AL,36106,(334)265.7488,cloverdalepreschoolacademy.com,,"A fun and friendly learning environment where your child can begin their educational journey with confidence and lots of love along the way.
Christian/ Baptist  Curriculum: Abeka",,free,,,,,,2025 entry — verify for 2026
newcomer-guide,Childcare & Preschool,Childcare Centers,Montgomery,Eastmont Christian Kindergarten,4505 Atlanta Hwy.,Montgomery,AL,36109,(334) 239.8555,eastmont.org,,Our dedicated staff is eager to serve your family by providing a loving environment for your child while challenging them academically and nurturing them spiritually.,,free,,,,,,2025 entry — verify for 2026
newcomer-guide,Childcare & Preschool,Childcare Centers,Montgomery,Evangel Christian Preschool,3975 Vaughn Road,Montgomery,AL,36106,(334) 273.0730,ecalions.org,,We provide a safe and loving environment for children ages 6 weeks to 3 year across the River Region.,,free,,,,,,2025 entry — verify for 2026
newcomer-guide,Childcare & Preschool,Childcare Centers,Montgomery,First United Methodist Church Early Childhood Development Center,2416 W. Cloverdale Park,Montgomery,AL,36106,(334) 834.8964,fumcmontgomery.org,,"We partner with families to help children grow physically, emotionally, mentally, socially, and spiritually for children 6 weeks to 5 years.",,free,,,,,,2025 entry — verify for 2026
newcomer-guide,Childcare & Preschool,Childcare Centers,Montgomery,Frazer Christian Preschool,6000 Atlanta Hwy.,Montgomery,AL,36117,(334) 495.6370,frazer.church,,"Our program that provides students with numerous opportunities to develop strong social, academic and spiritual foundations.",,free,,,,,,2025 entry — verify for 2026
newcomer-guide,Childcare & Preschool,Childcare Centers,Montgomery,Gracepointe Child Development Center,1565 Ray Thorington Road,Montgomery,AL,36117,(205) 799.7570,grace-pointe.com,,We run an intentional play based center. Our teachers use developmentally appropriate practice skills to teach your child from ages 6 weeks to 5 years.,,free,,,,,,2025 entry — verify for 2026
newcomer-guide,Childcare & Preschool,Childcare Centers,Montgomery,Heritage Child Development Center,1849 Perry Hill Road,Montgomery,AL,36016,(334) 279.0643,heritagecdc.net,,"Our goal is to lead people into a life changing relationship with Jesus Christ in Montgomery and beyond by providing excellent early childhood education that helps preschoolers grow spiritually, intellectually, physically, socially and emotionally.",,free,,,,,,2025 entry — verify for 2026
newcomer-guide,Childcare & Preschool,Childcare Centers,Montgomery,Hooper Academy Early Learning Center,380 Fischer Road,Hope Hull,AL,36043,(334) 288.2770,hooperacademy.org,,"We offer a quality program with unconditional love and care for each child. Our center provides structured schedules which promote each child's physical, emotional, intellectual, language, and motor skills development.",,free,,,,,,2025 entry — verify for 2026
newcomer-guide,Childcare & Preschool,Childcare Centers,Montgomery,Macon East,15396 Vaughn Road,Cecil,AL,36013,(334) 277.6566,maconeast.net,,"Each student is a valued individual with unique physical, social, emotional and intellectual needs.",,free,,,,,,2025 entry — verify for 2026
newcomer-guide,Childcare & Preschool,Childcare Centers,Montgomery,Montessori @ Mulberry,2034 Clubview Street,Montgomery,AL,36106,(334) 265.7733,montessoriatmulberry.com,,Montessori at Mulberry serves children 18 months to 6 years of age.  Children learn at their own pace and with a variety of hands on materials geared specifically for them.,,free,,,,,,2025 entry — verify for 2026
newcomer-guide,Childcare & Preschool,Childcare Centers,Montgomery,Montessori Hampstead,"5251 Hampstead High Street, Suite #111",Montgomery,AL,36116,(334) 356-1969,"MSHMontgomery.org
Facebook: facebook.com/MontessoriatHampstead",,"We offer a structured yet individual, child-driven approach to education based on Montessori method",,free,,,,,,2025 entry — verify for 2026
newcomer-guide,Childcare & Preschool,Childcare Centers,Montgomery,St. James  Christian Preschool,9045 Vaughn Road,Montgomery,AL,36116,(334) 481.0722,sjlife.com,,"Saint James Christian Preschool is dedicated to providing a loving, nurturing environment, which allows a child to grow intellectually, emotionally, and spiritually.",,free,,,,,,2025 entry — verify for 2026
newcomer-guide,Childcare & Preschool,Childcare Centers,Montgomery,Taylor Road Baptist Mother's Day Out Program,1685 Taylor Road,Montgomery,AL,36117,(334) 271.3363,taylorroad.org,,"Providing a safe, nurturing environment for children since 1991.",,free,,,,,,2025 entry — verify for 2026
newcomer-guide,Childcare & Preschool,Childcare Centers,Montgomery,The Learning Tree Child Development Center,4120 Carmichael Road and 3335 Woodley Road,Montgomery,AL,36106,(334) 271.4733 and (334) 284.5560,,,Your Children deserve the best so why not give it to them. We pride ourselves in having the best childcare program for ages 6 weeks to 12 years.,,free,,,,,,2025 entry — verify for 2026
newcomer-guide,Childcare & Preschool,Childcare Centers,Montgomery,Vaughn Park Church of Christ Mother's Day Out,3800 Vaughn Road,Montgomery,AL,36106,(334) 272.2665,vaughnpark.com,,Mother's Day Out at Vaughn Park is a half-day program full of fun and learning. We accept babies at 6 weeks through 4 years old.,,free,,,,,,2025 entry — verify for 2026
newcomer-guide,Childcare & Preschool,Childcare Centers,Montgomery,Vaughn Road Preschool,8790 Vaughn Road,Montgomery,AL,36117,(334) 277.4815,,,"To nurture and educate the whole child in a loving, Christian environment. We accept children 6 weeks to preschool age.",,free,,,,,,2025 entry — verify for 2026
newcomer-guide,Childcare & Preschool,Childcare Centers,Pike Road,AIM Academy,530 Antioch Lane,Pike  Road,AL,36064,(334) 509.4225,youraimacademy.com,,"6 weeks of age to Pre-K and afterschool program and summer camp for ages 5 to 12. Class is led by a Birth to Kindergarten state certified teacher. Student progress is continuously assessed and evaluated on specific developmental milestones and objectives.  Through observations and interactions, the assessment outcomes are utilized to further tailor or scaffold our daily lesson plans and activities for each child.",,free,,,YES,military-discount,,2025 entry — verify for 2026
newcomer-guide,Childcare & Preschool,Childcare Centers,Prattville-Millbrook,First Baptist Preschool & Kindergarten,138 South Washington Street,Prattville,AL,36104,(334) 361.9481,fbcprattville.org,,We believe it's important to plant seeds of faith early in a child's life. Our preschool ministry is a place children can be themselves and learn more about the One who created and deeply loves them.,,free,,,,,,2025 entry — verify for 2026
newcomer-guide,Childcare & Preschool,Childcare Centers,Prattville-Millbrook,First Presbyterian Church Kindergarten,211 South Chestnut Street,Prattville,AL,36067,(334) 365.6387,fpkprattville.com,,"Our desire is to help your child grow academically, socially, emotionally and spiritually while he or she is here with us throughout the school year.",,free,,,,,,2025 entry — verify for 2026
newcomer-guide,Childcare & Preschool,Childcare Centers,Wetumpka,First Baptist Child Development Center,205 W. Bridge Street,Wetumpka,AL,36092,(334) 567.3319,fbc/wetumpka.org,,"Our goal  is to provide a well-rounded ministry of nurturing for your child, as well as a system of encouragement and support for parents and grandparents.",,free,,,,,,2025 entry — verify for 2026
newcomer-guide,Childcare & Preschool,Childcare Centers,Wetumpka,First Steps Mother's Day Out and Preschool,1266 Dozier Road,Wetumpka,AL,36093,(334) 221.5681,Facebook: First Steps RBC,,"We offer a Christ centered environment, small classes with age appropriate curriculum, designed to foster a love of learning and prepare your child for academic success in the years to come.",,free,,,,,,2025 entry — verify for 2026
newcomer-guide,Childcare & Preschool,Childcare Centers,Wetumpka,"Wetumpka Preschool and Child Development Center and Periscope, LLC",502 N. Bridge Street,Wetumpka,AL,36092,(334) 567.4689,gatewaypreschool.weebly.com,,"Our goal for preschool is to foster the development of a healthy self-image which will assist the child to regard themselves as people who are important, good friends of classmates, good learners and eager participants in Preschool and whole school activities.",,free,,,,,,2025 entry — verify for 2026
newcomer-guide,Community & Connection,Mom Groups & Family Support,,Century Strong Moms,11 Chapel Hill Street,Pike Road,AL,36064,,,,Dedicated in helping moms in the community be STRONG moms. Please email lifegroups@century.church,,free,,,,,,2025 entry — verify for 2026
newcomer-guide,Community & Connection,Mom Groups & Family Support,,Mom2Mom,Frazer Church,Montgomery,AL,36117,,frazer.church,,Playgroup to connect mother of newborn to 5 years old. Email mom2mom@frazer.church,,free,,,,,,2025 entry — verify for 2026
newcomer-guide,Community & Connection,Mom Groups & Family Support,,Montgomery Multiples,,Montgomery,AL,,,sites.google.com/site/montgomerymultiples/home,,"Offers support to mothers of twins, triplet and more.  They offer moms night out with dinner once a month.",,free,,,,,,2025 entry — verify for 2026
newcomer-guide,Community & Connection,Mom Groups & Family Support,,Montgomery Museum of Fine Arts,One Museum Drive,Montgomery,AL,36117,(334) 240.4333,mmfa.org,,Pre-school and school age classes for parent/child partners.,,free,,,,,,2025 entry — verify for 2026
newcomer-guide,Community & Connection,Mom Groups & Family Support,,MOPS (Mothers of Preschoolers),"First Baptist Church, 305 South Perry Street",Montgomery,AL,36104,(334) 241.5165,montgomeryfbc.org/mops,,"Support group for moms of preschoolers. Meet twice a month with motivational speakers, conversations with other moms and activities. Childcare provided.",,free,,,,,,2025 entry — verify for 2026
newcomer-guide,Community & Connection,Volunteer & Family Service Opportunities,,[NEEDS RESEARCH],,,AL,,,,,,,,,,,,YES,"Family Sunshine Center, Common Ground, Hands On River Region, Saint Vincent de Paul, Habitat for Humanity, etc."
newcomer-guide,Date Nights & Adult Time,Babysitting & Childcare Services,,[NEEDS RESEARCH],,,AL,,,,,,,,,,,,YES,"NEW SECTION. Date-night sitter services, agency-based sitters, drop-in childcare for parents. 5-8 entries."
newcomer-guide,Date Nights & Adult Time,Date-Night Restaurants,,[NEEDS RESEARCH],,,AL,,,,,,,,,,,,YES,"NEW GROUP. Restaurants suitable for adult-only or romantic dinners (different from kid-friendly). Pull from existing Restaurant list and tag, OR add new entries. 10-15 entries."
newcomer-guide,Date Nights & Adult Time,Hotels & Local Staycations,,[NEEDS RESEARCH],,,AL,,,,,,,,,,,,YES,NEW SECTION. Hotels in the River Region offering staycation packages. 5-8 entries.
newcomer-guide,Date Nights & Adult Time,Spas & Couples Experiences,,[NEEDS RESEARCH],,,AL,,,,,,,,,,,,YES,"NEW SECTION. Spas offering couples treatments, wine bars, jazz clubs, theaters, comedy clubs. 8-12 entries."
newcomer-guide,Day Trips & Family Getaways,Beach & Coastal Getaways,,[NEEDS RESEARCH],,,AL,,,,,,,,,,,family-getaway,YES,"NEW SECTION. 30A area, Gulf Shores, Orange Beach. INCLUDE 30AMemories.com vacation rentals as Featured (Jason owns)."
newcomer-guide,Day Trips & Family Getaways,Day Trip Destinations,,Alabama Aquarium,102 Bienville Blvd.,Dauphin Island,AL,36528,(251) 861.7500,disl.edu,,,,free,,,,family-getaway,,2025 entry — verify for 2026
newcomer-guide,Day Trips & Family Getaways,Day Trip Destinations,,Alabama Safari Park,1664 Venable Road,Hope Hull,AL,36043,(334) 288.2100,alabamasafaripark.com,,,,free,,,,family-getaway,,2025 entry — verify for 2026
newcomer-guide,Day Trips & Family Getaways,Day Trip Destinations,,Alabama Splash Adventures Waterpark,4599 Splash Adventure Pkwy,Bessemer,AL,35022,(205) 481.4750,alabamaadventure.com,,,,free,,,,family-getaway,,2025 entry — verify for 2026
newcomer-guide,Day Trips & Family Getaways,Day Trip Destinations,,Alligator Alley,19950 Hwy 71,Summerdale,AL,36580,(251) 946.2483,gatoralleyfarm.com,,,,free,,,,family-getaway,,2025 entry — verify for 2026
newcomer-guide,Day Trips & Family Getaways,Day Trip Destinations,,Birmingham Zoo,2630 Cahaba Road,Birmingham,AL,35223,(205) 879.0409,birminghamzoo.com,,,,free,,,,family-getaway,,2025 entry — verify for 2026
newcomer-guide,Day Trips & Family Getaways,Day Trip Destinations,,Cook Museum of Natural Science,133 4th Ave. NE,Decatur,AL,35601,(256) 351.4505,cookmuseum.org,,,,free,,,,family-getaway,,2025 entry — verify for 2026
newcomer-guide,Day Trips & Family Getaways,Day Trip Destinations,,Great Wolf Lodge,150 Tom Hall Pkwy,LaGrange,Ga,30240,(844) 473.9653,greatwolf.com,,,,free,,,,family-getaway,,2025 entry — verify for 2026
newcomer-guide,Day Trips & Family Getaways,Day Trip Destinations,,Majestic Caverns,5181 Desoto Caverns Pkwy,Childersburg,AL,35044,(256) 378.7252,majesticcaverns.com,,,,free,,,,family-getaway,,2025 entry — verify for 2026
newcomer-guide,Day Trips & Family Getaways,Day Trip Destinations,,McWane Sciene Center,200 19th Street,Birmingham,AL,35203,(205) 714.8300,mcwane.org,,,,free,,,,family-getaway,,2025 entry — verify for 2026
newcomer-guide,Day Trips & Family Getaways,Day Trip Destinations,,OWA Parks & Resort,101 S OWA Blvd.,Foley,AL,36535,(251) 923.2111,visitowa.com,,,,free,,,,family-getaway,,2025 entry — verify for 2026
newcomer-guide,Day Trips & Family Getaways,Day Trip Destinations,,US Space and Rocket Center,1 Tranquility Base,Huntsville,AL,35805,(256) 721.7114,rocketcenter.com,,,,free,,,,family-getaway,,2025 entry — verify for 2026
newcomer-guide,Day Trips & Family Getaways,Mountain & Lake Getaways,,[NEEDS RESEARCH],,,AL,,,,,,,,,,,family-getaway,YES,"NEW SECTION. Lake Martin, Smith Lake, Smoky Mountains, Helen GA, north Alabama destinations"
newcomer-guide,Day Trips & Family Getaways,Theme Parks & Major Attractions,,[NEEDS RESEARCH],,,AL,,,,,,,,,,,family-getaway,YES,"NEW SECTION. Six Flags, Lake Winnie, Stone Mountain, Atlanta Aquarium, Birmingham Zoo memberships"
newcomer-guide,Faith Communities,Catholic,,[NEEDS RESEARCH],,,AL,,,,,,,,,,,,YES,"NEW GROUP. Catholic parishes in the River Region, Mass times, kids programs."
newcomer-guide,Faith Communities,Jewish,,[NEEDS RESEARCH],,,AL,,,,,,,,,,,,YES,"NEW SECTION. Temple Beth Or, Agudath Israel."
newcomer-guide,Faith Communities,Non-Denominational,,[NEEDS RESEARCH],,,AL,,,,,,,,,,,,YES,"NEW SECTION. Frazer, Evangel, Common Ground, etc."
newcomer-guide,Faith Communities,Other Christian Denominations,,[NEEDS RESEARCH],,,AL,,,,,,,,,,,,YES,"NEW SECTION. Episcopal, Lutheran, Pentecostal, Church of Christ, etc."
newcomer-guide,Faith Communities,Other Faith Communities,,[NEEDS RESEARCH],,,AL,,,,,,,,,,,,YES,"NEW SECTION. Mosques, other faith traditions present in the River Region."
newcomer-guide,Faith Communities,Protestant - Baptist,,[NEEDS RESEARCH],,,AL,,,,,,,,,,,,YES,"NEW SECTION. SBC, Independent, etc."
newcomer-guide,Faith Communities,Protestant - Methodist,,[NEEDS RESEARCH],,,AL,,,,,,,,,,,,YES,"NEW SECTION. UMC, AME, etc."
newcomer-guide,Faith Communities,Protestant - Presbyterian,,[NEEDS RESEARCH],,,AL,,,,,,,,,,,,YES,NEW SECTION.
newcomer-guide,Family Activities,Fun for Kids,,2211 Ultimate Playzone,3541 McGehee Road,Montgomery,AL,36111,(334)593.7180,2211ultimateplayzone.com,,Great place for some family fun! Roller skating and large Fun Zone for kids to join in with hands-on activities.,,free,,,,,,2025 entry — verify for 2026
newcomer-guide,Family Activities,Fun for Kids,,Launch Trampoline Park,891 Boardroom Drive,Prattville,AL,36066,(334) 568.2041,launchtrampolinepark.com,,"Looking for something to do indoors? Launch Trampoline Park has trampoline courts, Dodge ball, Basketball, Knockout, Launch Pad, Tumble Traks, Laser Tag, The Challenger, Battle Pit, Launch Eats and Arcade.",,free,,,,,,2025 entry — verify for 2026
newcomer-guide,Family Activities,Fun for Kids,,Newtopia,3731 Malcolm Drive,Montgomery,AL,36116,(334) 356.4518,newtopiafunpark.com,,Large indoor play arena with many activities for your children to enjoy. Café with free wifi available for parents to sit back and relax while their children play.,,free,,,,,,2025 entry — verify for 2026
newcomer-guide,Family Activities,Fun for Kids,,Roller Palace at Eastdale Mall,1000 Eastdale Mall,Montgomery,AL,36117,(334) 277.2088,shopmalls.com,,Skate indoors year round.,,free,,,,,,2025 entry — verify for 2026
newcomer-guide,Family Activities,Fun for Kids,,Skyzone Trampoline Park,5544 Atlanta Highway,Montgomery,AL,36117,(334) 239.2587,skyzone.com,,Jump and soar in our open trampoline park. Café and tables provided for parents.,,free,,,,,,2025 entry — verify for 2026
newcomer-guide,Family Activities,Libraries,,Autauga-Prattville Public Library,254 Doster Street,Prattville,AL,36067,(334) 365.3396,appl.info,,,,free,,,,,,2025 entry — verify for 2026
newcomer-guide,Family Activities,Libraries,,Coliseum Boulevard Branch Library,840 Coliseum Blvd.,Montgomery,AL,36109,(334) 271.7005,mccpl.lib.al.us,,,,free,,,,,,2025 entry — verify for 2026
newcomer-guide,Family Activities,Libraries,,E.L. Lowder Regional Branch Library,2590 Bell Road,Montgomery,AL,36117,(334) 625.5717,mccpl.lib.al.us,,,,free,,,,,,2025 entry — verify for 2026
newcomer-guide,Family Activities,Libraries,,Hampstead Library,5251 Long Acre Street,Montgomery,AL,36116,(334)244.5770,mccpl.lib.al.us,,,,free,,,,,,2025 entry — verify for 2026
newcomer-guide,Family Activities,Libraries,,Juliette Hampton Morgan Memorial Library,245 High Street,Montgomery,AL,36104,(334) 625.4999,mccpl.lib.al.us,,,,free,,,,,,2025 entry — verify for 2026
newcomer-guide,Family Activities,Libraries,,Millbrook Public Library,3650 Grandview Road,Millbrook,AL,36054,(334) 285.6688,cityofmillbrook.org,,,,free,,,,,,2025 entry — verify for 2026
newcomer-guide,Family Activities,Libraries,,Pike Road Branch Library,9585 Vaughn Road,Pike Road,AL,36064,(334) 244.8679,mccpl.lib.al.us,,,,free,,,,,,2025 entry — verify for 2026
newcomer-guide,Family Activities,Libraries,,Wetumpka Public Library,212 South Main Street,Wetumpka,AL,36092,(334) 567.5147,wetumpkalibrary.com,,,,free,,,,,,2025 entry — verify for 2026
newcomer-guide,Family Activities,Local Attractions,,Alabama Department of Archive & History,624 Washington Avenue,Montgomery,AL,36130,(334) 242.4435,archives.state.al.us,,Take a glimpse into Alabama's past with valuable preserved records and artifacts at the Alabama Department of Archives and History.,,free,,,,,,2025 entry — verify for 2026
newcomer-guide,Family Activities,Local Attractions,,Alabama State Capitol,600 Dexter Avenue,Montgomery,AL,36130,(334) 242.3184,ahc.alabama.gov,,Schedule a tour of one of the oldest capitols and learn about the history of Alabama.,,free,,,,,,2025 entry — verify for 2026
newcomer-guide,Family Activities,Local Attractions,,Biscuits Baseball,200 Coosa Street,Montgomery,AL,36104,(334) 323.2255,milb.com,,Love baseball? Come join us for a great season of Biscuits Baseball at the Riverwalk Stadium. Concessions available. Stay and watch the fireworks after scheduled games.,,free,,,,,,2025 entry — verify for 2026
newcomer-guide,Family Activities,Local Attractions,,Blount Cultural Park,Festival Drive,Montgomery,AL,36117,(334) 625.2300,funinmontgomery.com,,"Beautiful park located between ASF and MMFA. Bring the kids to fly a kite, have a picnic by one of the beautiful lakes or walk the many walking trails. Visit the Shakespeare garden and the dog park.",,free,,,,,,2025 entry — verify for 2026
newcomer-guide,Family Activities,Local Attractions,,Centre for African American Culture,1345 Carter Hill Road,Montgomery,AL,36106,(334) 229.4824,lib.alasu.edu,,"Offers classroom instruction and curriculum through its living museum, seminars, and publications. Is open to all who are interested in studying the modern civil rights movement.",,free,,,,,,2025 entry — verify for 2026
newcomer-guide,Family Activities,Local Attractions,,Civil Rights Memorial Center,400 Washington Avenue,Montgomery,AL,36104,(334) 956.8200,splcenter.org,,The Civil Rights Memorial was built to honor the 41 people killed in the struggle for equal and integrated treatment of all people.,,free,,,,,,2025 entry — verify for 2026
newcomer-guide,Family Activities,Local Attractions,,Dextre Avenue King Memorial Baptist Church,454 Dexter Avenue,Montgomery,AL,36104,(334) 263.3970,dexterkingmemorial.com,,"Known for Dr. Martin Luther King, Jr.'s hope and change speech.",,free,,,,,,2025 entry — verify for 2026
newcomer-guide,Family Activities,Local Attractions,,Dr. Martin Luther King's Home,309 S Jackson St,Montgomery,AL,36104,(334) 261.3270,dexterkingmemorial.com,,"Parsonage where Dr. Martin Luther King, Jr. lived.",,free,,,,,,2025 entry — verify for 2026
newcomer-guide,Family Activities,Local Attractions,,First White House of the Confederacy,644 Washington Avenue,Montgomery,AL,36104,(334) 242.1861,firstwhitehouse.org,,The residence where President Jefferson Davis and his family resided when the Confederate States of American was in Montgomery.,,free,,,,,,2025 entry — verify for 2026
newcomer-guide,Family Activities,Local Attractions,,Fort Toulouse/Jackson Park,2521 W. Fort Toulouse Road,Wetumpka,AL,36093,(334) 567.3002,fttoulousejackson.org,,Historic Fort near the City of Wetumpka founded by the French in 1717.,,free,,,,,,2025 entry — verify for 2026
newcomer-guide,Family Activities,Local Attractions,,Freedom Monument Sculpture Park,831 Walker Street,Montgomery,AL,36104,(334) 386.9100,,,"Newly finished, 17 acre site near Alabama River that honors 10 million African Americans enslaved in America.",,free,,,,,,2025 entry — verify for 2026
newcomer-guide,Family Activities,Local Attractions,,Governor's Mansion,1142 S. Perry Street,Montgomery,AL,36104,(334) 242.7100,governor.alabama.gov,,13 First families have resided here in the past 60+ years. Free guided tours with reservations.,,free,,,,,,2025 entry — verify for 2026
newcomer-guide,Family Activities,Local Attractions,,Harriott II,255 Commerce Street,Montgomery,AL,36104,(334) 625.2100,funontheriver.net,,Enjoy a scenic ride on the Alabama River on the Harriott II. Book for parties and reserve a spot on their dinner cruises.  Scenic lunch and dinner cruises available.,,free,,,,,,2025 entry — verify for 2026
newcomer-guide,Family Activities,Local Attractions,,Meteor Crater,408 S. Main Street,Wetumpka,AL,36092,(334) 567.5147,meteorcrater.com,,One of the greatest natural disasters in the history of Alabama. Come see the 5 mile wide impact crater.,,free,,,,,,2025 entry — verify for 2026
newcomer-guide,Family Activities,Local Attractions,,Montgomery Zoo,2301 Coliseum Blvd.,Montgomery,AL,36110,(334) 240.4900,montgomeryzoo.com,,"This 40 acre zoo is divided into 5 continents. Ride the skylift, rent a paddle boat, take a train  or walk the beautifully landscaped pathways to view over 500 animals.",,free,,,,,,2025 entry — verify for 2026
newcomer-guide,Family Activities,Local Attractions,,National Memorial for Peace and Justice,417 Carolina Street,Montgomery,AL,36104,(334) 386.9100,museumandmemorial.eji.org,,Dedicated to the legacy of enslaved African Americans. Reflect America's history of racial inequality.,,free,,,,,,2025 entry — verify for 2026
newcomer-guide,Family Activities,Local Attractions,,Old Alabama Town,301 Columbus Street,Montgomery,AL,36104,(334) 240.4500,oldalabamatown.com,,Old Alabama Town is a collection of restored 19th and 20th Century structures that display the lives of the people who settled and developed Central Alabama.,,free,,,,,,2025 entry — verify for 2026
newcomer-guide,Family Activities,Local Attractions,,Prattville Creek Walk,Downtown Prattville,Prattville,AL,36067,,,,"Take a beautiful walk around Prattville's Creek with spots to sit and enjoy the view, partkae in the unique food offered in the area and shop specialty boutiques.",,free,,,,,,2025 entry — verify for 2026
newcomer-guide,Family Activities,Local Attractions,,The Alley,133 Tallapoosa Street,Montgomery,AL,36104,(334) 387.3333,alleystation.com,,"Modeled after New Orleans, the Alley offers unique restaurants, bars and shops.",,free,,,,,,2025 entry — verify for 2026
newcomer-guide,Family Activities,Local Attractions,,W.A. Gayle Planetarium,1010 Forest Avenue,Montgomery,AL,36106,(334) 625.4799,montgomery.troy.edu/planet,,"Auditorium setting with a 50 foot domed ceiling. View the planets, sky and many other show throughout the year. Located in the beautiful Oak Park.",,free,,,,,,2025 entry — verify for 2026
newcomer-guide,Family Activities,Museums,,Alabama Cattleman's MOOseum,201 S. Bainbridge Street,Montgomery,AL,36104,(334) 265.1867,bamabeef.org,,Hands on agricultural education center for children . They can dress up as cowboys and cowgirls.,,free,,,,,,2025 entry — verify for 2026
newcomer-guide,Family Activities,Museums,,Dexter Parsonage Museum,309 S. Jackson Street,Montgomery,AL,36104,(334) 261.3270,dexterkingmemorial.com,,Take a tour of the home where Martin Luther King and his family lived during the Civil Rights Movement.,,free,,,,,,2025 entry — verify for 2026
newcomer-guide,Family Activities,Museums,,F. Scott and Zelda Fitzgerald Museum,919 Felder Avenue,Montgomery,AL,36106,(334) 264.4222,thefitzgeraldmuseum.org,,This museum is dedicated to the lives of the Fitzgerald's during their stay in Montgomery. Come and visit us for a tour or one of our yearly local events.,,free,,,,,,2025 entry — verify for 2026
newcomer-guide,Family Activities,Museums,,Freedom Rides Museum,210 South Court Street,Montgomery,AL,36104,(334) 414.8647,freedomridesmuseum.org,,Come see how 21 people changed history using non-violent protest methods.,,free,,,,,,2025 entry — verify for 2026
newcomer-guide,Family Activities,Museums,,Hank Williams Museum,118 Commerce Street,Montgomery,AL,36104,(334) 262.3600,thehankwilliamsmuseum.net,,"Museum dedicated in the preservation the country star's memorabilia, instruments and more.",,free,,,,,,2025 entry — verify for 2026
newcomer-guide,Family Activities,Museums,,Legacy Museum,115 Coosa Street,Montgomery,AL,36104,(334) 386.9100,museumandmemorial.eji.org,,Displays the history of racism and hatred in America,,free,,,,,,2025 entry — verify for 2026
newcomer-guide,Family Activities,Museums,,Mann Wildlife Learning Museum,325 Vandiver Blvd.,Montgomery,AL,36110,(334) 240.4900,mannmuseum.com,,Visit and learn about North American wildlife in a realistic setting of their natural habitat.  Located at The Montgomery Zoo.,,free,,,,,,2025 entry — verify for 2026
newcomer-guide,Family Activities,Museums,,Museum of Alabama,142-158 S Union St,Montgomery,AL,36104,(334) 242.4435,museum.alabama.gov,,"Come and view the exhibitions and collection, take an art class, participate in our many events or visit the interactive kids room.",,free,,,,,,2025 entry — verify for 2026
newcomer-guide,Family Activities,Museums,,Rosa Parks Library and Museum,208 Montgomery Street,Montgomery,AL,36104,(800) 414.4756,troy.edu,,Memorial to the life Rosa Parks and  the Montgomery Bus Boycott.,,free,,,,,,2025 entry — verify for 2026
newcomer-guide,Family Activities,Parks,,Ida Bell Young Park,5400 Vaughn Road,Montgomery,AL,36116,(334) 625.2300,funinmontgomery.com,,"Playground, tennis courts and walking trails. Picnic area and bathrooms available.",,free,,,,,,2025 entry — verify for 2026
newcomer-guide,Family Activities,Parks,,Lagoon Park,2855 Lagoon Park Drive,Montgomery,AL,36109,(334) 240.4050,funinmontgomery.com,,"5 miles of biking and walking trails, playgrounds, batting cages and tennis courts.",,free,,,,,,2025 entry — verify for 2026
newcomer-guide,Family Activities,Parks,,Legacy Park,1889 Deatsville Hwy,Millbrook,AL,36054,(334) 290.2047,cityofmillbrook.org,,Covered pavillion with picnic tables and walking trails.,,free,,,,,,2025 entry — verify for 2026
newcomer-guide,Family Activities,Parks,,Memorial Center Park,3168 Park Circle,Millbrook,AL,36054,(334) 285.7277,cityofmillbrook.org,,"Walking trails, creek and Kids Kingdom Playground.",,free,,,,,,2025 entry — verify for 2026
newcomer-guide,Family Activities,Parks,,Pratt Park,460 Doster Road,Prattville,AL,36067,(334) 595.0080,prattvilleal.gov,,"Walking trails, ""A Child's Place"" Playground, Splash pad and community pool.",,free,,,,,,2025 entry — verify for 2026
newcomer-guide,Family Activities,Parks,,Riverfront Park,335 Coosa Street,Montgomery,AL,36104,(334) 625.2100,funinmontgomery.com,,"Entertainment on the banks of the Alabama River. Splash pad, river boat rides, concerts at the Amphitheatre and biscuits baseball near by.",,free,,,,,,2025 entry — verify for 2026
newcomer-guide,Family Activities,Parks,,The Rex,3630 Edgewood Road,Millbrook,AL,36054,(334) 517.6022,rexvenue.com,,Great place for adults and kids to hang out Food trucks and outdoor bar offered.,,free,,,,,,2025 entry — verify for 2026
newcomer-guide,Family Activities,Parks,,Vaughn Road Park,3620 Vaughn Road,Montgomery,AL,36106,(334) 625.2300,funinmontgomery.com,,"Boundless playgrounds, tennis courts and walking trails and large open play space.",,free,,,,,,2025 entry — verify for 2026
newcomer-guide,Family Activities,Parks,Dog-Friendly Parks,Cooter's Pond,1844 Cooter's Pond,Prattville,AL,36066,(334) 595.0800,prattvilleal.gov,,Located on the banks of the river.  Fenced in area for your pups to play with shade and fountains.,,free,,,,,,2025 entry — verify for 2026
newcomer-guide,Family Activities,Parks,Dog-Friendly Parks,Hannah Daye Ridling Bark Park,6055 Vaughn Road,Montgomery,AL,36116,(334) 625.2300,funinmontgomery.com,,5 acre park made especially for your furry pet.  Separate areas for large and small dogs. Benches and shade available.,,free,,,,,,2025 entry — verify for 2026
newcomer-guide,Family Activities,Parks,Dog-Friendly Parks,Rotary Dog Park,Rotary Street,Montgomery,AL,36104,(334) 625.2300,funinmontgomery.com,,Dog park located downtown near the Riverfront.  Features water fountains dog sized and separate areas for large and small dogs.,,free,,,,,,2025 entry — verify for 2026
newcomer-guide,Family Activities,Performing Arts & Theatre,,Alabama Shakespeare Festival,1 Festival Drive,Montgomery,AL,36117,1 (800) 841.4273,asf.net,,A beautiful vision built by one of the locals. People from all over come to visit ASF and enjoy many of the plays throughout the year.,,free,,,YES,military-discount,,2025 entry — verify for 2026
newcomer-guide,Family Activities,Performing Arts & Theatre,,Capri Theatre,1045 East Fairview Avenue,Montgomery,AL,36106,(334) 262.4858,capritheatre.org,,One of the oldest remaining theatres in Montgomery. Please check our website for playlist.,,free,,,,,,2025 entry — verify for 2026
newcomer-guide,Family Activities,Performing Arts & Theatre,,Cloverdale Playhouse,960 Cloverdale Road,Montgomery,AL,36106,(334) 262.1530,cloverdaleplayhouse.org,,Performing arts center in Montgomery located in the Cloverdale Historic District. Educational programs available in theatre.,,free,,,,,,2025 entry — verify for 2026
newcomer-guide,Family Activities,Performing Arts & Theatre,,Davis Theatre for Performing Arts,251 Montgomery Street,Montgomery,AL,36104,(334) 241.9567,Facebook: Troy University's Davis Theatre,,Beautiful historic theatre that hosts a variety of live performances throughout the year.,,free,,,,,,2025 entry — verify for 2026
newcomer-guide,Family Activities,Performing Arts & Theatre,,Montgomery Performing Arts Center,201 Tallapoosa Street,Montgomery,AL,36104,(334) 481.5100,mpaconline.org,,Large auditorium located in the Renaissance Hotel for traveling performers and artiste. Please visit our website for concert and performance dates.,,free,,,,,,2025 entry — verify for 2026
newcomer-guide,Family Activities,Performing Arts & Theatre,,Pike Road Theatre Company,,Pike Road,AL,36064,(334) 414.0193,pikeroadtheatrecompany.org,,"Community Theatre offering educational and performance opportunities for aspiring community artists, while growing audiences through quality theatre.",,free,,,,,,2025 entry — verify for 2026
newcomer-guide,Family Activities,Performing Arts & Theatre,,Prattville Cultural Arts Center: Way Off Broadway Theatre,203 West 4th Street,Prattville,AL,36067,(334) 595.0850,prattvilleal.gov,,Community theatre in Prattville that puts on several performances a year.,,free,,,,,,2025 entry — verify for 2026
newcomer-guide,Family Activities,Performing Arts & Theatre,,Wetumpka Depot Players,300 South Main Street,Wetumpka,AL,36092,(334) 868.1140,wetumpkadepot.com,,Live performances by local actors.  Junior group performances.,,free,,,,,,2025 entry — verify for 2026
newcomer-guide,Family Services,Family Photographers,,[NEEDS RESEARCH],,,AL,,,,,,,,,,,,YES,"NEW SECTION. HIGH-FIT advertiser. Newcomer families almost universally book a ""we just moved"" family photo session. Identify 5-10 local family photographers."
newcomer-guide,Family Services,Home Services,,[NEEDS RESEARCH],,,AL,,,,,,,,,,,,YES,"NEW SECTION. HVAC (essential for Alabama summer), home cleaning, lawn care, pool services, pest control"
newcomer-guide,Family Services,Moving & Storage Companies,,[NEEDS RESEARCH],,,AL,,,,,,,,,,,,YES,"NEW SECTION. Local movers, storage facilities, packing services"
newcomer-guide,Family Services,Real Estate Agents,,[NEEDS RESEARCH],,,AL,,,,,,,,,,,,YES,NEW SECTION. TOP advertiser fit. Identify family-focused realtors. Section sponsor opportunity available.
newcomer-guide,Family Shopping,Consignment & Resale,,[NEEDS RESEARCH],,,AL,,,,,,,,,,,,YES,NEW SECTION. Children's consignment shops popular with families. 3-5 entries.
newcomer-guide,Family Shopping,Kids Clothing Boutiques,,[NEEDS RESEARCH],,,AL,,,,,,,,,,,,YES,"NEW GROUP. Local kids clothing stores, boutiques. 5-8 entries."
newcomer-guide,Family Shopping,Maternity & Baby Specialty,,[NEEDS RESEARCH],,,AL,,,,,,,,,,,,YES,"NEW SECTION. Maternity stores, baby gear, nursery furniture"
newcomer-guide,Family Shopping,Toy Stores & Family Bookstores,,[NEEDS RESEARCH],,,AL,,,,,,,,,,,,YES,NEW SECTION. 3-5 entries.
newcomer-guide,Food & Dining,Farmers Markets,,Fairview Farmer's Market,486 West Fairview Avenue,Montgomery,AL,36105,(334)263.7759,,,"Local vendors. Fruits, vegetables and other goods.",,free,,,,,,2025 entry — verify for 2026
newcomer-guide,Food & Dining,Farmers Markets,,Farmer's Market at the Shoppes at Eastchase,7274 Eastchase Parkway,Montgomery,AL,36117,(334) 279.6046,,,"May-Sepember only. Local vendors with flouwers, vegetables and more.",,free,,,,,,2025 entry — verify for 2026
newcomer-guide,Food & Dining,Farmers Markets,,Handey's Farm Market,254 Handey Farm Road,Montgomery,AL,36117,(334) 215.3783,,,Local farm that sells their homegrown items.,,free,,,,,,2025 entry — verify for 2026
newcomer-guide,Food & Dining,Farmers Markets,,Ingram's Farmers Market,3740 Magnolia Drive,Millbrook,AL,36054,(334) 517.4682,,,"Local Market that sells produce, food, dessert and plants.",,free,,,,,,2025 entry — verify for 2026
newcomer-guide,Food & Dining,Farmers Markets,,Mama's Produce,1154 S. Memorial Drive,Prattville,AL,36104,(334) 3675.5400,,,"Wide selection of fruit, vegetables, plants, eggs and more.",,free,,,,,,2025 entry — verify for 2026
newcomer-guide,Food & Dining,Farmers Markets,,Millbrook Farmer's Market,3199 Main St.,Millbrook,AL,36054,(334) 285.6428,,,"Fresh produce, baked goods, plants and flowers.",,free,,,,,,2025 entry — verify for 2026
newcomer-guide,Food & Dining,Farmers Markets,,Montgomery Curb Market,1004 Madison Ave.,Montgomery,AL,,(334) 263.6445,,,"Local vendors selling a wide variety of produce, baked goods and handcrafted items.",,free,,,,,,2025 entry — verify for 2026
newcomer-guide,Food & Dining,Farmers Markets,,Oakview Farms,1388 Price Road,Wetumpka,AL,36092,(334) 300.2737,,,"Family run and operated. Sells a wide variety of fresh farm produce, grain, eggs and much more.",,free,,,,,,2025 entry — verify for 2026
newcomer-guide,Food & Dining,Farmers Markets,,Prattville/Autagua Farmers Market,332 Doster Road,Prattville,AL,36067,(334) 595.0850,,,"Wide variety of fresh farm produce, handmade soaps and more.",,free,,,,,,2025 entry — verify for 2026
newcomer-guide,Food & Dining,Farmers Markets,,State Farmer's Market,1655 Federal Drive,Montgomery,AL,36107,(334) 272.8425,,,"Large market that sells fresh produce, fruit, peas, home canned goods, jellies, jams and more.",,free,,,,,,2025 entry — verify for 2026
newcomer-guide,Food & Dining,Farmers Markets,,Sweetcreek Farmer's Market,85 Meriwether Road,Pike Road,AL,36064,(334) 280.3276,,,"Local produce, fresh baked goods, small café, good music and more.",,free,,,,,,2025 entry — verify for 2026
newcomer-guide,Food & Dining,Farmers Markets,,Triple C Farms Alabama,1925 US Hwy 31N,Millbrook,AL,36054,(334) 832.0392,,,Supports local farmers. Offers a wide variety of fresh produce and handcrafted items.,,free,,,,,,2025 entry — verify for 2026
newcomer-guide,Food & Dining,Farmers Markets,,Wetumpka Farmer's Market,,Wetumpka,AL,36092,(334) 567.5147,,,"Fresh produce, beautiful scenery.",,free,,,,,,2025 entry — verify for 2026
newcomer-guide,Food & Dining,Restaurants,,Applebee's,All locations,River Region,AL,,,applebees.com,,Wide variety of American foods.  $1.99 kids meals after 5 p.m. on Wednesdays.,,free,,,,,,2025 entry — verify for 2026
newcomer-guide,Food & Dining,Restaurants,,Baumhower's Victory Grille,All locations,River Region,AL,,,baumhowers.com,,Sports pub with wings.  Kids eat free on Tuesdays with purchase of $10 adult entrée and is limited to 1 child per adult.,,free,,,,,,2025 entry — verify for 2026
newcomer-guide,Food & Dining,Restaurants,,Beef O' Brady's,2776 Legends Pkwy.,Prattville,AL,36066,(334) 290.9962,beefobradys.com,,Irish type pub.  One Free kids meal for kids under 12 with the purchase of one regular priced adult meal on Monday from 4-8 p.m.  Dine in-only.,,free,,,,,,2025 entry — verify for 2026
newcomer-guide,Food & Dining,Restaurants,,Bruster's Ice Cream,All locations,River Region,AL,,,brusters.com,,"Large selection of ice cream, cakes and pies.  Kids under 40? get a free baby cone.",,free,,,,,,2025 entry — verify for 2026
newcomer-guide,Food & Dining,Restaurants,,Burger Fi,7413 Eastchase Pkwy,Montgomery,AL,36117,(334) 356.8645,burgerfi.com,,"Committed to serving the best burger experience. We also serve shakes, fried, hot dogs and more.",,free,,,,,,2025 entry — verify for 2026
newcomer-guide,Food & Dining,Restaurants,,Capitol Oyster Bar,617 Shady Street,Montgomery,AL,36104,(334) 239.8958,capitoloysterbar.com,,We offer the best seafood and view in town. Come visit us and  enjoy our live entertainment.,,free,,,,,,2025 entry — verify for 2026
newcomer-guide,Food & Dining,Restaurants,,Captain D's,All locations,River Region,AL,,,captainsds.com,,Grilled and fried seafood.  Get 2 free kids meals with any regular priced adult purchase on Thursday's.  Dine-in only.,,free,,,,,,2025 entry — verify for 2026
newcomer-guide,Food & Dining,Restaurants,,Cava,All locations,Montgomery,AL,,,cava.com,,"Mediterranean culinary brand with a healthy fast-casual restaurant experience featuring customizable salads, pitas, juices, dressings, & dips.",,free,,,,,,2025 entry — verify for 2026
newcomer-guide,Food & Dining,Restaurants,,Chappy's Deli,River Region,River Region,AL,,(334) 279.1226,chappysdeli.com,,"We have several locations in Montgomery and Prattville. Large selection of foods from burgers off the grill, signature sandwiches or salads. Free meals for children under 6 daily. Kids 6-12 eat for only $2.50.  Free mini icecream after meal.",,free,,,,,,2025 entry — verify for 2026
newcomer-guide,Food & Dining,Restaurants,,Chicken Salad Chik,All locations,River Region,AL,,,chickensaladchik.com,,Delicious selection of chicken salad. Offers free meals for kids 10 and under on Tuesdays.,,free,,,,,,2025 entry — verify for 2026
newcomer-guide,Food & Dining,Restaurants,,Chris's Hotdogs,138 Dexter Avenue,Montgomery,AL,36104,(334) 265.6850,chrishotdogs.com,,Old style mom & pop diner that is known for its chili cheese dogs.,,free,,,,,,2025 entry — verify for 2026
newcomer-guide,Food & Dining,Restaurants,,CiCi's Pizza,All locations,River Region,AL,,,cicis.com,,"Pizza, salad and dessert buffet. Kids under 3 eat free.",,free,,,,,,2025 entry — verify for 2026
newcomer-guide,Food & Dining,Restaurants,,City Grill,5251 Hampstead High Street,Montgomery,AL,36116,(334) 244.0960,Facebook: City Grill,,Upscale dining in a casual atmosphere.,,free,,,,,,2025 entry — verify for 2026
newcomer-guide,Food & Dining,Restaurants,,Cuco's,11123 Chantilly Pkwy.,Pike Road,AL,36064,(334) 271.3528,cucosmexicancafe.com,,Mexican style café. Kids eat free on Tuesday.,,free,,,,,,2025 entry — verify for 2026
newcomer-guide,Food & Dining,Restaurants,,Dreamland BBQ,7900 Vaughn Road,Montgomery,AL,36116,(334) 273.7427 or (334) 239.8228,dreamlandbbq.com,,Try us for our famous BBQ and sauce. We also offer locally brewed craft beer from the Rail Yard.  Free meals for kids on Sundays with the purchase of an adult entrée.,,free,,,YES,military-discount,,2025 entry — verify for 2026
newcomer-guide,Food & Dining,Restaurants,,El Patron Mexican Grill,2152 Cobbs Ford,Prattville,AL,36066,(334) 285.2120,"orderelpatron,com",,Mexican Grill.  Kids eat free with paying on adult on Mondays.,,free,,,,,,2025 entry — verify for 2026
newcomer-guide,Food & Dining,Restaurants,,Fazoli's,7123 Eastchase Pkwy.,Montgomery,AL,36117,(334) 239.9109,fazolis.com,,Italian style food. Kids eat free on Tuesdays with paying adult.,,free,,,,,,2025 entry — verify for 2026
newcomer-guide,Food & Dining,Restaurants,,Green Papaya,409 Coliseum Blvd.,Montgomery,AL,36109,(334) 395.7654,greenpapayacuisine.com,,Authentic Lao-Thai cuisine and experience.,,free,,,,,,2025 entry — verify for 2026
newcomer-guide,Food & Dining,Restaurants,,IHOP,All locations,River Region,AL,,,Ihop.com,,Known for our pancakes but serve other American diner style meals.  Kids 12 and under eat free from the kids menu with each adult meal. Drinks not included.,,free,,,,,,2025 entry — verify for 2026
newcomer-guide,Food & Dining,Restaurants,,Jalapeno's,All locations,River Region,AL,,,losjalapenosmgm.com,,Mexican menu. Child eats free on Monday's with the purchase of adult meal.,,free,,,,,,2025 entry — verify for 2026
newcomer-guide,Food & Dining,Restaurants,,Jason's Delli,1520 Eastern Blvd,Montgomery,AL,36117,(334) 409-9890,jasonsdeli.com,,"Honored as the best family restaurant in America by Parents magazine, we’re famous for delicious sandwiches, crisp salads, and more quick, quality meals made with fresh ingredients and no artificial trans fats, MSG, high-fructose corn syrup, or artificial colors and dyes!",,free,,,,,,2025 entry — verify for 2026
newcomer-guide,Food & Dining,Restaurants,,Lek’s Railroad Thai Restaurant,300 Water St,Montgomery,AL,36104,(334) 269-0708,Facebook: Lek's Railroad Thai,,"Thai destination offering up curry, noodle dishes & sushi in a historic Union Station building.",,free,,,,,,2025 entry — verify for 2026
newcomer-guide,Food & Dining,Restaurants,,Logan's Roadhouse,2775 Legends Parkway,Prattville,AL,36066,(334) 285.9900,logansroadhouse.com,,American food and cocktails.  1 free kids meal per adult entrée purchase on Wednesdays.,,free,,,,,,2025 entry — verify for 2026
newcomer-guide,Food & Dining,Restaurants,,Martin's,1796 Carter Hill Road,Montgomery,AL,36106,(334) 265.1767,Facebook: Martins Restaurant,,Longtime local family restaurant with southern comfort food.  Known for our fried chicken.,,free,,,,,,2025 entry — verify for 2026
newcomer-guide,Food & Dining,Restaurants,,McAlister's Deli,2747 Legends Pkwy.,Prattville,AL,36066,(334) 285.3334,mcalistersdeli.com,,"Known for its sandwiches, baked potatoes and tea.  Kids eat everyday for $.99",,free,,,,,,2025 entry — verify for 2026
newcomer-guide,Food & Dining,Restaurants,,Mellow Mushroom,9559 Vaughn Road,Pike Road,AL,36104,(334) 593.7070,mellowmushroom.com,,"Pizza, calzones and more in the perfect location.",,free,,,,,,2025 entry — verify for 2026
newcomer-guide,Food & Dining,Restaurants,,Midtown Pizza,All locations,River Region,AL,,,mpkmontgomery.com,,"Pizza, Pasta, sandwiches and more! Casual dining experience for good food with friends.",,free,,,,,,2025 entry — verify for 2026
newcomer-guide,Food & Dining,Restaurants,,Nancy's Italian Ice,7976 Vaughn Road,Montgomery,AL,36116,(334) 356.1403,nancysice.com,,16 flavors of Italian ice served everyday. We also have cupcakes and gelato.,,free,,,,,,2025 entry — verify for 2026
newcomer-guide,Food & Dining,Restaurants,,Pannie George's,450 North Court Street,Montgomery,AL,36104,(334) 386.9116,panniegeorgeskitchen.com,,Home Style Southern Cuisine.,,free,,,,,,2025 entry — verify for 2026
newcomer-guide,Food & Dining,Restaurants,,Pies & Pints,7216 Eastchase Pkwy,Montgomery,AL,36117,(334) 694.9161,piesandpints.net,,"Awesome food, refreshing craft beer, and great service.",,free,,,,,,2025 entry — verify for 2026
newcomer-guide,Food & Dining,Restaurants,,Pizza Perfect,428 Coliseum Blvd.,Montgomery,AL,36109,(334) 244.7721,Facebook: Pizza Perfect Montgomery,,Thin crust pizzas cooked to order and buffet.  Tuesdays after 5 p.m. kids eat free from buffet with adult buffet purchase.,,free,,,,,,2025 entry — verify for 2026
newcomer-guide,Food & Dining,Restaurants,,Red Robin,7005 Eastchase Pkwy.,Montgomery,AL,36117,(334) 396.1078,redrobin.com,,American style grub. Kids eat for $1.99 with the purchase of an adult entrée on Thursdays.,,free,,,,,,2025 entry — verify for 2026
newcomer-guide,Food & Dining,Restaurants,,Saza's,130 Commerce Street,Montgomery,AL,36104,(334) 495.7292,sazapizza.com,,Serious Italian food in a hip atmosphere. Walking in awakens your taste buds.,,free,,,,,,2025 entry — verify for 2026
newcomer-guide,Food & Dining,Restaurants,,Seafood Bistro,1651 Perryhill Road,Montgomery,AL,36106,(334) 279.7500,theseafoodbistro.com,,Cajun seafood at its best and is sure to delight your senses.,,free,,,,,,2025 entry — verify for 2026
newcomer-guide,Food & Dining,Restaurants,,Shashy's Fine Foods,1700 Mulberry Street,Montgomery,AL,36106,(334) 263.7341,shashysbakery.com,,Home-style southern food + cakes & pastries.  We cater.,,free,,,,,,2025 entry — verify for 2026
newcomer-guide,Food & Dining,Restaurants,,Sinclair's East,7847 Vaughn Road,Montgomery,AL,36116,(334) 271.7654,sinclairsrestaurants.com,,"Steaks, fish, salads, pasta or southern styled meals served.  5 Kid's meals to choose from.",,free,,,,,,2025 entry — verify for 2026
newcomer-guide,Food & Dining,Restaurants,,Sol Restaurante,3962 Atlanta Highway and 9539 Vaughn Road,Montgomery and Pike Road,AL,36109,(334) 593.8250 and (334)593.7984,solrestaurante.getbento.com,,Authentic Mexican dishes served in a relaxing atmosphere.,,free,,,,,,2025 entry — verify for 2026
newcomer-guide,Food & Dining,Restaurants,,Sommer's Place,7972 Vaughn Road,Montgomery,AL,36116,(334) 279.5401,sommersplace.com,,"Fine selection of fresh sea fish, seafood, southern cooking and more.",,free,,,,,,2025 entry — verify for 2026
newcomer-guide,Food & Dining,Restaurants,,Sweetcreek Farm Market & Café,85 Meriwether Road,Pike Road,AL,36064,(334) 280.3276,Facebook: SweetCreek Farm Market,,Farm to table eatery with local fresh produce and signature sandwiches.  Kids eat free in the café on Tuesdays with a purchase of an entree.,,free,,,,,,2025 entry — verify for 2026
newcomer-guide,Food & Dining,Restaurants,,Texas Roadhouse,River Region,River Region,AL,,,texasroadhouse.com,,American fare with a southwestern spin.  Kids eat for $2.99 with purchase of adult entrée after 4 p.m. on Thursday's.,,free,,,,,,2025 entry — verify for 2026
newcomer-guide,Food & Dining,Restaurants,,The Juicy Crab,6814 Eastchase Pkwy,Montgomery,AL,36117,(334) 416.8266,thejuicycrab.com,,Wide variety of seafood dishes. Please visit our website for menu options.,,free,,,,,,2025 entry — verify for 2026
newcomer-guide,Food & Dining,Restaurants,,The Little Donkey,All locations,River Region,AL,,,thelittledonkey.com,,Farm to table style Mexican food.,,free,,,,,,2025 entry — verify for 2026
newcomer-guide,Food & Dining,Restaurants,,The Wharf Casual Seafood,6945 Eastchase Loop and 3954 Atlanta Hwy.,Montgomery,AL,36117,(334) 593.1850 and (334) 676.3200,wharfcasualseafood.com,,Large selection of seafood entrees.  Kids choose a free meal from the kids menu with the purchase of an adult entrée on Thursday's.,,free,,,,,,2025 entry — verify for 2026
newcomer-guide,Food & Dining,Restaurants,,Tipping Point,5015 Hampstead High Street,Montgomery,AL,36116,(334) 260.9110,tippingpointhampstead.com,,"A local hangout where you can enjoy food, drinks and fun with the whole family.  Garden area for  your kids and dogs to play in while you enjoy the patio.  We offer an extensive selection of craft beer and good eats.",,free,,,,,,2025 entry — verify for 2026
newcomer-guide,Food & Dining,Restaurants,,Wishbone Café,7028 Atlanta Hwy.,Montgomery,AL,36117,(334) 244.7270,wishbone-café.com,,A true foodie's paradise serving creole cuisine.,,free,,,,,,2025 entry — verify for 2026
newcomer-guide,Healthcare,Hospitals,Montgomery,Baptist Medical Center East,400 Taylor Road,Montgomery,AL,36117,(334) 277.8330,baptistfirst.org,,,,featured,,,,,,2025 entry — verify for 2026
newcomer-guide,Healthcare,Hospitals,Montgomery,Baptist Medical Center South,2105 E. South Boulevard,Montgomery,AL,36116,(334) 288.2100,baptistfirst.org,,,,featured,,,,,,2025 entry — verify for 2026
newcomer-guide,Healthcare,Hospitals,Montgomery,Jackson Hospital,1725 Pine Street,Montgomery,AL,36106,(334) 293.8000,jackson.org,,,,free,,,,,,2025 entry — verify for 2026
newcomer-guide,Healthcare,Hospitals,Montgomery,VA Medical Center,215 Perry Hill Road,Montgomery,AL,36109,(334) 272.4670,centralalabama.va.gov,,,,free,,,,,,2025 entry — verify for 2026
newcomer-guide,Healthcare,Hospitals,Prattville,Prattville Baptist Hospital,124 S. Memorial Drive,Prattville,AL,36067,(334) 365.0651,baptistfirst.org,,,,free,,,,,,2025 entry — verify for 2026
newcomer-guide,Healthcare,Hospitals,Wetumpka,Elmore Community Hospital,500 Hospital Drive,Wetumpka,AL,36092,(334) 567.4311,ivycreekhealth.com,,,,free,,,,,,2025 entry — verify for 2026
newcomer-guide,Healthcare,Mental Health & Family Counseling,,[NEEDS RESEARCH],,,AL,,,,,,,,,,,,YES,"NEW SECTION. Family therapists, child therapists, marriage counseling, faith-based counseling, group therapy practices"
newcomer-guide,Healthcare,Physical Therapy & Sports Medicine,,[NEEDS RESEARCH],,,AL,,,,,,,,,,,,YES,"NEW SECTION. Includes Kingry Orthopedics (if applicable), Southern Ortho, sports medicine, kids/teen athletic injury rehab. Add Kingry Orthodontics is dental — different. Verify which Kingry Jason meant."
newcomer-guide,Healthcare,Urgent Care,Millbrook,Ivy Creek Family Care,4081 Hwy  14,Millbrook,AL,36054,(334) 285.3222,,,,,free,,VERIFY,,,,2025 entry — verify for 2026
newcomer-guide,Healthcare,Urgent Care,Millbrook,Main Street Famiy Care,1401 State Hwy 14,Millbrook,AL,36054,(334) 310.6059,,,,,free,,VERIFY,,,,2025 entry — verify for 2026
newcomer-guide,Healthcare,Urgent Care,Montgomery,American Family Care,4305 Atlanta Hwy.,Montgomery,AL,36109,(334) 323.2260,,,,,free,,VERIFY,,,,2025 entry — verify for 2026
newcomer-guide,Healthcare,Urgent Care,Montgomery,American Family Care - Eastchase,2570 Berryhill Road,Montgomery,AL,36117,(334) 323.1330,,,,,free,,VERIFY,,,,2025 entry — verify for 2026
newcomer-guide,Healthcare,Urgent Care,Montgomery,American Family Care - Taylor Crossing,34 Taylor Road North,Montgomery,AL,36117,(334) 323.1510,,,,,free,,VERIFY,,,,2025 entry — verify for 2026
newcomer-guide,Healthcare,Urgent Care,Montgomery,American Family Care - Vaughn Road,2815 Eastern Blvd.,Montgomery,AL,36116,(334) 323.2050,,,,,free,,VERIFY,,,,2025 entry — verify for 2026
newcomer-guide,Healthcare,Urgent Care,Montgomery,KidsStreet Urgent Care,3039 Vaughn Road,Montgomery,AL,36106,(334) 513.7819,,,,,free,,VERIFY,,,,2025 entry — verify for 2026
newcomer-guide,Healthcare,Urgent Care,Montgomery,OurMed Urgent Care,9188 Eastchase Pkwy.,Montgomery,AL,36117,(334) 801.9100,,,,,free,,VERIFY,,,,2025 entry — verify for 2026
newcomer-guide,Healthcare,Urgent Care,Montgomery,The Jackson Clinic Family Medicine Center and Urgent Care,"1801 Pine Street, Ste 103",Montgomery,AL,36106,(334) 240.2334,,,,,free,,VERIFY,,,,2025 entry — verify for 2026
newcomer-guide,Healthcare,Urgent Care,Montgomery,The Jackson Clinic Family Medicine Dalraida,4035 Atlanta Hwy.,Montgomery,AL,36109,(334) 603.8708,,,,,free,,VERIFY,,,,2025 entry — verify for 2026
newcomer-guide,Healthcare,Urgent Care,Montgomery,The Jackson Clinic Family Medicine Midtown,4150B Carmichael Road,Montgomery,AL,36106,(334) 293.8282,,,,,free,,VERIFY,,,,2025 entry — verify for 2026
newcomer-guide,Healthcare,Urgent Care,Prattville,Central Alabama Primary and Urgent Care,645 McQueen Smith Rd. N,Prattville,AL,36066,(334) 380.3714,,,,,free,,VERIFY,,,,2025 entry — verify for 2026
newcomer-guide,Healthcare,Urgent Care,Prattville,The Jackson Clinic Family Medicine,701 McQueen Smith Rs. S,Prattville,AL,36066,(334) 351.2040,,,,,free,,VERIFY,,,,2025 entry — verify for 2026
newcomer-guide,Healthcare,Urgent Care,Prattville,The Jackson Clinic Primary Care,204 Medical Center Drive,Prattville,AL,36066,(334) 361.3090,,,,,free,,VERIFY,,,,2025 entry — verify for 2026
newcomer-guide,Healthcare,Urgent Care,Prattville,The Jackson Clinic Urgent Care and Multi Specialty Clinic,1840 East Main St.,Prattville,AL,36066,(334) 595.8610,,,,,free,,VERIFY,,,,2025 entry — verify for 2026
newcomer-guide,Healthcare,Urgent Care,Wetumpka,River Oak Medical,277 Huntress St.,Wetumpka,AL,36092,(334) 567.3309,,,,,free,,VERIFY,,,,2025 entry — verify for 2026
newcomer-guide,Healthcare,Urgent Care,Wetumpka,The Jackson Clinic Multi-Specialty Clinic,277 Huntress St.,Wetumpka,AL,36092,(334) 293.8888,,,,,free,,VERIFY,,,,2025 entry — verify for 2026
newcomer-guide,Healthcare,Urgent Care,Wetumpka,Wetumpa Urgent Care,11 Cambridge Drive,Wetumpka,AL,36092,(334) 567.8633,,,,,free,,VERIFY,,,,2025 entry — verify for 2026
newcomer-guide,Healthcare,Women's Health & OBGYN,,Central Alabama Ob-gyn Associates,2024 Chestnut Street,Montgomery,AL,36106,(334) 265.3543,,,"Specializing in gynecology and obstetrics, female infertility and surgery.",,free,,,,,,2025 entry — verify for 2026
newcomer-guide,Healthcare,Women's Health & OBGYN,,Montgomery Women's Health Associates,"470 Taylor Road, Suite 300",Montgomery,AL,36117,(334) 281.1191,montgomerywomenshealth.com,,"Specializing in routine and high risk prenatal care, including non-invasive prenatal testing.  Ultrasounds, nonstress testing and biophysical testing done in office.",,free,,,,,,2025 entry — verify for 2026
newcomer-guide,Healthcare,Women's Health & OBGYN,,OB-GYN Associates,"495 Taylor Road, Montgomery and 630 McQueen Smith Road, Prattville",Montgomery and Prattville,AL,36117,(334) 279.9333,obgynmontgomery.com,,"For over 20 years, our medical practice has provided health care for women of all ages in Montgomery and the surrounding areas.  At OB/GYN Associates of Montgomery we provide up-to-date comprehensive obstetric and gynecologic services in high risk and normal risk pregnancy, infertility, incontinence, pelvic prolapse, menopause, abnormal pap smears, menstrual problems, birth control, endometriosis, pelvic pain, and weight loss. Our talented and personable doctors and staff offer individualized care at three practice locations. We are equipped with some of the latest technology to better and more efficiently serve you.",,free,,,,,,2025 entry — verify for 2026
newcomer-guide,Healthcare,Women's Health & OBGYN,,Physicians for Women,"287 Mitylene Park Drive, Montgomery and 645 McQueen Smith Road",Montgomery and Prattville,AL,36117,(334) 290.4200 and (334) 491.4200,mypfw.com,,"Specializing in gynecology and obstetrics, female infertility and surgery.",,free,,,,,,2025 entry — verify for 2026
newcomer-guide,Mom Self-Care,"Fitness, Yoga & Pilates",,[NEEDS RESEARCH],,,AL,,,,,,,,,,,,YES,"NEW SECTION. Mom-focused fitness studios, family-friendly gyms, yoga, Pilates. 8-12 entries."
newcomer-guide,Mom Self-Care,Hair Salons & Beauty,,[NEEDS RESEARCH],,,AL,,,,,,,,,,,,YES,NEW GROUP. Mom-friendly salons. 8-12 entries.
newcomer-guide,Mom Self-Care,Mental Wellness for Moms,,[NEEDS RESEARCH],,,AL,,,,,,,,,,,,YES,"NEW SECTION. Mom-focused therapists, support groups. May overlap with Healthcare > Mental Health."
newcomer-guide,Mom Self-Care,Nail Salons & Spas,,[NEEDS RESEARCH],,,AL,,,,,,,,,,,,YES,NEW SECTION. 5-8 entries.
newcomer-guide,Pediatric Care,Pediatric Dentists & Orthodontists,,Dentistry for Children,"7047 Halcyon Summit Drive, Montgomery and 68 Village Loop, Wetumpka",Montgomery & Wetumpka,AL,36117,(334) 277.6830,chew-chewtrain.com,,"We provide comprehensive dental care to infants, children, adolescents and special needs patients.",,featured,,,,,,2025 entry — verify for 2026
newcomer-guide,Pediatric Care,Pediatric Dentists & Orthodontists,,Just for Grins Orthodontist,"7051 Halcyon Summit Drive, Montgomery; 68 Village Loop, Wetumpka; 207 Ashton Plaza, Millbrook",River Region,AL,36117,(334) 270.1044,justforgrinsortho.com,,We offer a wide array of orthodontic treatment options to get you or your child a smile to be proud of.,,featured,,,YES,military-discount,,2025 entry — verify for 2026
newcomer-guide,Pediatric Care,Pediatric Dentists & Orthodontists,,Kingry Orthodontics,"8101 Seaton Place, Montgomery and 31 Bridge Street, Pike Road",Montgomery & Pike Road,AL,36116,(334) 272.4900,kingryorthodontics.com,,"We offer services for Invisalign, early treatment, adult treatment, incognito and headache relief.  Creating Smiles for Life!",,featured,,,,,,2025 entry — verify for 2026
newcomer-guide,Pediatric Care,Pediatric Dentists & Orthodontists,,Chapman Orthodontics,1550 E. Trinity Blvd.,Montgomery,AL,36106,(334) 272.9447,chapmanortho.com,,"Father-and-son orthodontic team that provides comfortable and efficient orthodontic treatment to families throughout the Montgomery, Prattville, and Greenville communities.",,free,,,,,,2025 entry — verify for 2026
newcomer-guide,Pediatric Care,Pediatric Dentists & Orthodontists,,Montgomery Pediatric Dentistry and Orthodontics,"2600 Bell Road, Montgomery; 460 McQueen Smith Road, Prattville; 9547 Vaughn Road, Pike Road",Montgomery,AL,36117,(334) 277.6690,smilesfromus.com,,Our mission is to provide comprehensive dental and orthodontic treatment and education for children and adolescents in a friendly atmosphere that encourages children to enjoy their dental experiences.,,free,,,,,,2025 entry — verify for 2026
newcomer-guide,Pediatric Care,Pediatric Dentists & Orthodontists,,Prattville Pediatric Dentistry and Orthodontics,460 McQueen Smith Road,Prattville,AL,36066,(334) 358.6411,smilesfromus.com,,Our mission is to provide comprehensive dental and orthodontic treatment and education for children and adolescents in a friendly atmosphere that encourages children to enjoy their dental experiences.,,free,,,,,,2025 entry — verify for 2026
newcomer-guide,Pediatric Care,Pediatric Specialists,,[NEEDS RESEARCH],,,AL,,,,,,,,,,,,YES,"NEW SECTION. Add: Pediatric ENT, Pediatric GI, Pediatric Ortho, Speech/OT therapy practices"
newcomer-guide,Pediatric Care,Pediatric Urgent Care,,[NEEDS RESEARCH],,,AL,,,,,,,,,,,,YES,NEW SECTION. Pediatric-only urgent care providers (separate from general urgent cares which now have a serves_pediatrics flag)
newcomer-guide,Pediatric Care,Pediatricians,,Carlile Pediatric,78 Cambridge Court,Wetumpka,AL,36093,(334) 567.6915,carlilepediatrics.com,,"Provide complete and personal healthcare for infants, children and adolescents.",,free,,,,,,2025 entry — verify for 2026
newcomer-guide,Pediatric Care,Pediatricians,,Partners in Pediatrics,8160 Seaton Place,Montgomery,AL,36116,(334) 272.1799,mykidsdr.com,,Complete healthcare for pediatric and adolescents. On call service for each night and on weekends.,,free,,,,,,2025 entry — verify for 2026
newcomer-guide,Pediatric Care,Pediatricians,,Partners in Pediatrics Prattville,136 E. Main Street,Prattville,AL,36066,(334) 272.1799,mykidsdr.com,,Complete healthcare for pediatric and adolescents. On call service for each night and on weekends.,,free,,,,,,2025 entry — verify for 2026
newcomer-guide,Pediatric Care,Pediatricians,,Pediatric Healthcare,4700 Woodmere Blvd.,Montgomery,AL,36106,(334) 273.9700,pedhealthcare.com,,"Provide quality care for infants, children and adolescents and to assist parents in the endeavor in rearing their children to reach their optimal physical, emotional, and spiritual development.",,free,,,,,,2025 entry — verify for 2026
newcomer-guide,Pediatric Care,Pediatricians,,Professional Pediatrics,4154 Carmichael Road,Montgomery,AL,36106,(334) 271.5959,professionalpediatrics.com,,"Newborn, Pediatric and Adolescent Medicine. Our office consists of 3 doctors and accepting new patients.",,free,,,,,,2025 entry — verify for 2026
newcomer-guide,Pediatric Care,Pediatricians,Pike Road / Eastchase area,[NEEDS RESEARCH],,,AL,,,,,,,,,,,,YES,Research editor: identify and add 3-5 pediatric practices serving Pike Road and Eastchase
newcomer-guide,Pediatric Care,Pediatricians,Prattville area,[NEEDS RESEARCH],,,AL,,,,,,,,,,,,YES,Research editor: identify and add Prattville-area pediatric practices
newcomer-guide,Pediatric Care,Pediatricians,Wetumpka / Millbrook area,[NEEDS RESEARCH],,,AL,,,,,,,,,,,,YES,Research editor: identify and add Wetumpka and Millbrook pediatric practices
newcomer-guide,Schools,Mother's Day Out / MMO Programs,,[NEEDS RESEARCH],,,AL,,,,,,,,,,,,YES,NEW SECTION. Pull half-day MMO programs (typically church-affiliated) into their own section
newcomer-guide,Schools,Private & Faith-Based Schools,,Alabama Christian Academy,4700 Wares Ferry Road,Montgomery,AL,36109,(334) 277.1985,alabamachristian.org,,"The mission of Alabama Christian Academy is to glorify God by providing a quality, Christ-centered education which challenges students and teachers to maximize their potential so that graduates are prepared to further their education while becoming productive Christian citizens.",,featured,,,YES,military-discount,,2025 entry — verify for 2026
newcomer-guide,Schools,Private & Faith-Based Schools,,Saint James School,6010 Vaughn Road,Montgomery,AL,36116,(334) 277.8033,stjmontgomery.org,,"Saint James is an independent, nonsectarian, college preparatory school with a student body broadly representative of college-bound students. We are committed to challenging and assisting students in realizing their individual potential and preparing them for lives of responsibility, service, and achievement.",,featured,,,YES,military-discount,,2025 entry — verify for 2026
newcomer-guide,Schools,Private & Faith-Based Schools,,Trinity Presbyterian School,1700 East Trinity Blvd.,Montgomery,AL,36106,(334) 213.2100,trinitywildcats.com,,"To glorify God by providing for students the highest quality, college-preparatory education, training them in the biblical world and life view, thus enabling them to serve God in spirit, mind, and body.",,featured,,,YES,military-discount,,2025 entry — verify for 2026
newcomer-guide,Schools,Private & Faith-Based Schools,,Churchill Academy,1705 Taylor Road,Montgomery,AL,36117,(334) 625.8252,churchillacademyinc.org,,"The only comprehensive school program in Montgomery specializing in educating bright children with unique learning differences.                       Testing Requirements: Previous diagnosis of learning disabilities, attention deficit disorder or other, and average to above average intellectual functioning, however Churchill will also conduct a testing evaluation to assist in placement.",,free,,,,,,2025 entry — verify for 2026
newcomer-guide,Schools,Private & Faith-Based Schools,,Eastwood Christian Academy,1701 East Trinity Blvd.,Montgomery,AL,36123,(334) 272.8195,eastwoodschool.org,,"At Eastwood, we desire to cultivate in each student a lifelong love of learning, and a pursuit of academic and moral excellence, for the purpose of bringing glory to God alone.",,free,,,,,,2025 entry — verify for 2026
newcomer-guide,Schools,Private & Faith-Based Schools,,Evangel Christian Academy,3975 Vaughn Road,Montgomery,AL,36106,(334) 272.3882,ecalions.org,,"Evangel Christian Academy is dedicated to helping prepare our children academically, spiritually, emotionally; to be all that God wants them to be.",,free,,,,,,2025 entry — verify for 2026
newcomer-guide,Schools,Private & Faith-Based Schools,,Hooper Academy,380 Fischer Road,Hope Hull,AL,36043,(334) 288.5980,hooperacademy.org,,"Our mission is to provide a balanced and quality curriculum, which allows each student the opportunity to achieve full potential and maximize mental, physical, social, emotional, and spiritual growth.",,free,,,,,,2025 entry — verify for 2026
newcomer-guide,Schools,Private & Faith-Based Schools,,LEAD Academy,2897 Eastern Boulevard,Montgomery,AL,36116,(334) 230.7756,leadacademyal.org,,"A public charter school for grades K-5. Our mission is to provide innovative programs designed to spark curiosity, maximize learning potential and continuously improve student achievement by empowering them with 21st century skills. We believe in a Montgomery where every child is given the tools they need to be knowledgeable, productive, and well-rounded citizens, and to lead themselves and our community well.",,free,,,,,,2025 entry — verify for 2026
newcomer-guide,Schools,Private & Faith-Based Schools,,Montgomery Catholic,"Saint Bede Campus, 3850 Atlanta Hwy.;  Holy Spirit Campus, 8580 Vaughn Road; Middle & High School Campus, 5350 Vaughn Road.",Montgomery,AL,36116,(334) 272.7221,montgomerycatholic.org,,"Montgomery Catholic Preparatory School is an integral part of the Catholic Church's mission to proclaim the gospel of Jesus Christ. As an adult community, we share in the responsibility to prepare students for college and beyond while helping them to grow to become persons of faith, virtue, and wisdom.",,free,,,,,,2025 entry — verify for 2026
newcomer-guide,Schools,Private & Faith-Based Schools,,Montgomery Christian School,3265 McGehee Road,Montgomery,AL,36111,(334) 386.1749,montgomerychristianschool.org,,To provide an academically challenging Christian education to children in inner city Montgomery. Kindergarten K -5th.  Tuition: Based on family income and the number of children in the family.,,free,,,,,,2025 entry — verify for 2026
newcomer-guide,Schools,Private & Faith-Based Schools,,Resurrection Catholic,2815 Forbes Drive,Montgomery,AL,36110,(334) 263.4221,rcmsouth.org,,Offers a quality spiritual and academic program for students from pre-K through the eighth grade.,,free,,,,,,2025 entry — verify for 2026
newcomer-guide,Schools,Private & Faith-Based Schools,,River Region Academy,4240 Lomac Street,Montgomery,AL,36106,(334) 239.0874,sylvanlearning.com,,"River Region Academy is a SACS Accredited school program which offers an individualized education experience. By offering a low student to teacher ratio, we are able to individualize and meet the educational needs of each student.",,free,,,,,,2025 entry — verify for 2026
newcomer-guide,Schools,Private & Faith-Based Schools,,Success Unlimited,2328 Fairlane Drive and 4500 Vaughn Road,Montgomery,AL,36116,(334) 213.0803,suacademy.com,,"Montgomery’s foremost institution dedicated to individualized education. SUA provides a safe and loving environment where students feel accepted and are challenged by educational excellence, instilled with loyalty to our country, and developed through spiritual growth.",,free,,,,,,2025 entry — verify for 2026
newcomer-guide,Schools,Private & Faith-Based Schools,,TEA Christian Academy,2637 Eastern Blvd.,Montgomery,AL,36117,(334) 517.1717,teachristianacademy.net,,"A-Beka and IXL Learning Platform. Pre K-12th; non-traditional students. Acting, Choir, Drum-Line, Debate, Student Government Associate, Dance Team, Modeling, sewing, Arts and Crafts. Must have a 3.20 GPA to enroll. School Days are Monday-Thursday from 7:30 a.m. until 3:30 p.m., (after school tutorial) Open to the community: 3:30-6:00 p.m., Summer Enrichments, Credit Recovery.",,free,,,,,,2025 entry — verify for 2026
newcomer-guide,Schools,Private & Faith-Based Schools,,The Montgomery Academy,"Upper School, 3240 Vaughn Road; Lower School, 1550 Perry Hill Road",Montgomery,AL,36106,(334) 273.7170,montgomeryacademy.org,,"The Montgomery Academy (MA) is a K–12, co-ed, nonsectarian day school serving the River Region community since 1959. Our mission is to develop leaders committed to honor, scholarship, service and the pursuit of excellence.",,free,,,,,,2025 entry — verify for 2026
newcomer-guide,Schools,Private & Faith-Based Schools,,Valiant Cross,301 Dexter Avenue  (located inside of River City Church),Montgomery,AL,36104,(334) 694.9200,Valiantcross.org,,"Our mission, our purpose is to help raise young men up to be supernatural. Men who will learn from their youth, to let go of self, to let the Holy Spirit raise them to new heights. Courageous men, righteous men, committed men, loving men who will rise up to lead, to serve, to inspire. We will provide the armor to help them rise above. To rise above with Honor, with Discipline, with Integrity, with Excellence with Love.",,free,,,,,,2025 entry — verify for 2026
newcomer-guide,Schools,Public Schools,,Autauga County Public Schools,153 W. 4th Street,Millbrook and Prattville,AL,36067,(334) 365.5706,acboe.net,,"Learning today, Leading tomorrow. Please visit our website for zoning, services, school locations and calendar.",,free,,,,,,2025 entry — verify for 2026
newcomer-guide,Schools,Public Schools,,Elmore County Public Schools,100 H. H. Robison Drive,Wetumpka,AL,36092,(334) 567.1200,elmoreco.com,,"Every student Empowered! Every student Succeeds! Please visit our website for zoning, services, school locations and calendar.",,free,,,,,,2025 entry — verify for 2026
newcomer-guide,Schools,Public Schools,,Montgomery  Public Schools,307 S. Decatur Street,Montgomery,AL,36110,(334) 223.6700,mps.k12.al.us,,"Our mission is to engage, educate and inspire our students to succeed in college, career and beyond.  Please visit our website for zoning, services, school locations and calendar.",,free,,,,,,2025 entry — verify for 2026
newcomer-guide,Schools,Public Schools,,Pike Road Public School,696 Georgia Washington Road,Pike Road,AL,36064,(334) 420.5301,pikeroadschools.org,,"Think, Innovate, Create the Pike Road way.  Please visit our website for zoning, services, school locations and calendar.",,free,,,,,,2025 entry — verify for 2026
newcomer-guide,Schools,Tutoring & Learning Centers,,Better Than Average,"2820 Fairlane Dr., Suite A3",Montgomery,AL,36116,(334) 802.1315,betterthanaverage.online,,Building Confidence. Creating individuals who love learning.  Our peer tutors aim to build relationships with our students to make learning more engaging and relatable.  We strive to show our students their potential and to strengthen confidence in their capabilities by celebrating their acheivements.  In-person and virtual.,,free,,,,,,2025 entry — verify for 2026
newcomer-guide,Schools,Tutoring & Learning Centers,,Churchill Academy Tutoring,1705 Taylor Road,Montgomery,AL,36117,(334) 270.4225,churchillacademyinc.org,,Tutoring available for summer. One on one tutoring for Grades K-12.,,free,,,,,,2025 entry — verify for 2026
newcomer-guide,Schools,Tutoring & Learning Centers,,Huntington Learning Center,3251 Malcolm Drive,Montgomery,AL,36116,(334) 277.9200,huntingtonhelps.com,,"One on one instruction in a specific course. Tutoring for K-12 in reading, all levels of math, study skills, writing, phonics, vocabulary and more. SAT, ACT PSAT, Advanced Placement test prep.",,free,,,,,,2025 entry — verify for 2026
newcomer-guide,Schools,Tutoring & Learning Centers,,Mathnasium,3453 Malcolm Drive,Montgomery,AL,36116,(334) 356.1570,mathnasium.com/eastmontgomery,,We are the authority in math education. Changing lives through Math.,,free,,,,,,2025 entry — verify for 2026
newcomer-guide,Schools,Tutoring & Learning Centers,,Read & Write Learning Center,3240 Vaughn Road,Montgomery,AL,36106,(334) 328.2134,readwritelearningcenter.com,,"Our services include multisensory instruction in reading, math, grammar and writing and comprehension.",,free,,,,,,2025 entry — verify for 2026
newcomer-guide,Schools,Tutoring & Learning Centers,,Sylovan Learning of Wetumpka,617 S. Main Street,Wetumpka,AL,36092,(334) 777.2902,sylvanlearning.com,,Locally owned learning and tutoring center staffed with a dedicated team of caring educators with years of experience delivering results for families in our area.,,free,,,,,,2025 entry — verify for 2026
newcomer-guide,Schools,Tutoring & Learning Centers,,Sylvan Learning Center,4240 Lomac Street,Montgomery,AL,36106,(334) 262.0043,sylvanlearning.com/montgomery,,"Offering tutoring in Study Skills, Math, ACT/SAT Prep, Writing, Reading and Homework help..",,free,,,,,,2025 entry — verify for 2026
newcomer-guide,Schools,Tutoring & Learning Centers,,Sylvan Learning of Prattville,206 Fairview Avenue,Prattville,AL,36066,(334) 212.8448,sylvanlearning.com,,"Providing support in study skill and homework help, math, writing, reading, STEM & Robotics sessions and ACT/SAT Prep.",,free,,,,,,2025 entry — verify for 2026
newcomer-guide,Schools,Tutoring & Learning Centers,,The Learning Tree,,Montgomery,AL,,(334) 252.0025,learning-tree.org,,Growing Independence Behavioral Services for children with Autism.  Applied Behavior Analysis assessment and treatment for preschool and school-aged children with Autism Spectrum Disorder.,,free,,,,,,2025 entry — verify for 2026
newcomer-guide,Senior & Multi-Generational,Senior Services,,[NEEDS RESEARCH],,,AL,,,,,,,,,,,,YES,"NEW SECTION. In-home care, senior centers, adult day programs, geriatric specialists."
newcomer-guide,Sports & Recreation,Golf & Tennis,,17 Springs Sports Complex,99 Fieldhouse Way,Millbrook,AL,36054,(334) 285.6428,17springs.org,,"New Sports Complex in Millbrook with 12 lighted tennis courts, pickle ball, baseball fields, track and dining.",,free,,,,,,2025 entry — verify for 2026
newcomer-guide,Sports & Recreation,Golf & Tennis,,Aroostock Golf Course,1501 Dozier Road,Montgomery,AL,36117,(334) 260.4900,,,18 hole course on 100 acres.,,free,,,,,,2025 entry — verify for 2026
newcomer-guide,Sports & Recreation,Golf & Tennis,,Arrowhead Country Club,50 Ocala Drive,Montgomery,AL,36117,(334) 272.7180,arrowheadcountryclub.net,,"Golf Course, tennis courts, pool, fitness facilities and dining.",,free,,,,,,2025 entry — verify for 2026
newcomer-guide,Sports & Recreation,Golf & Tennis,,Cottonwood Golf Club,7160 Byron Nelson Blvd.,Montgomery,AL,36116,(334) 281.3344,cottonwoodgolfclub.com,,,,free,,,,,,2025 entry — verify for 2026
newcomer-guide,Sports & Recreation,Golf & Tennis,,Cypress Tree Golf Course,1461 March St.,Montgomery,AL,36112,(334) 953.2209,,,18 hole course. Located near Maxwell Air Force Base.,,free,,,,,,2025 entry — verify for 2026
newcomer-guide,Sports & Recreation,Golf & Tennis,,Emerald Mountain Golf Club,245 Mountain View Dr.,Wetumpka,AL,36093,(334) 514.8082,emeraldmountain.golf,,18 hole golf course.,,free,,,,,,2025 entry — verify for 2026
newcomer-guide,Sports & Recreation,Golf & Tennis,,Gateway Park Golf Course,3800  Davenport Drive,Montgomery,AL,36105,(334) 284.7920,playmontgomerygolf.com,,9 hole golf course.,,free,,,,,,2025 entry — verify for 2026
newcomer-guide,Sports & Recreation,Golf & Tennis,,Lagoon Park Golf,2855 Lagoon Park Drive,Montgomery,AL,36109,(334) 240.4050,playmontgomerygolf.com,,Beautiful course known for its many national tournaments.,,free,,,,,,2025 entry — verify for 2026
newcomer-guide,Sports & Recreation,Golf & Tennis,,Lagoon Park Tennis,2855 Lagoon Park Trail,Montgomery,AL,36109,(334) 240.4051,,,17 tennis courts,,free,,,,,,2025 entry — verify for 2026
newcomer-guide,Sports & Recreation,Golf & Tennis,,Millbrook Tennis Court Facility,3950 Grandview Road,Millbrook,AL,36054,(334) 290.2047,,,2 lighted tennis courst,,free,,,,,,2025 entry — verify for 2026
newcomer-guide,Sports & Recreation,Golf & Tennis,,Newton Park Tennis Court,502 Park Street,Prattville,AL,36067,(334) 595.0800,,,10 lighted tennis courts and 4 pickleball courts.,,free,,,,,,2025 entry — verify for 2026
newcomer-guide,Sports & Recreation,Golf & Tennis,,O' Connor Tennis Center,500 Anderson Street,Montgomery,AL,36107,(334) 240.4884,,,12 lighted tennis courts and offer many junior camps.,,free,,,,,,2025 entry — verify for 2026
newcomer-guide,Sports & Recreation,Golf & Tennis,,Prattville County Club,723 Highway 82 Byp West,Prattville,AL,36067,(334) 365.4497,prattvillecc.com,,18 hold golf course.,,free,,,,,,2025 entry — verify for 2026
newcomer-guide,Sports & Recreation,Golf & Tennis,,Robert Trent Jones Golf Trail,2600 Constitution Avenue,Prattville,AL,36066,(334) 285.1114,rtjgolf.com,,"Three 18 hole golf courses, driving range and putting green.",,free,,,,,,2025 entry — verify for 2026
newcomer-guide,Sports & Recreation,Golf & Tennis,,The Pines Golf Club,307 Deatsville Hey,Millbrook,AL,36054,(334) 285.7529,cityofmillbrook.org,,18 hole golf course.,,free,,,,,,2025 entry — verify for 2026
newcomer-guide,Sports & Recreation,Golf & Tennis,,Wynlakes Golf and Country Club,7900 Wynlakes Blvd.,Montgomery,AL,36117,(334) 279.0297,wynlakes.com,,Private club with 18 hole golf course.,,free,,,,,,2025 entry — verify for 2026
newcomer-guide,Sports & Recreation,Recreation Leagues & Programs,,Alabama Nature Center,3050 Lanark Road,Millbrook,AL,36054,(334) 285.4550,alabamawildlife.org,,"Outdoor facility that offers nature walks, educational programs, Day Camps, Homeschool programs and seasonal programs. Outdoor classroom, Pavilion and fishing available.",,free,,,,,,2025 entry — verify for 2026
newcomer-guide,Sports & Recreation,Recreation Leagues & Programs,,Coosa Outdoor Center,172 River Road,Wetumpka,AL,36092,(334) 201.5510,coosaoutdoorcenter.com,,"Everything you need for some fun on the Coosa! Rentals, Campgrounds and Event sites available.",,free,,,,,,2025 entry — verify for 2026
newcomer-guide,Sports & Recreation,Recreation Leagues & Programs,,Coosa River Adventures,415 Company Street,Wetumpka,AL,36092,(334) 514.0279,coosariveradventures.com,,Paddle along the Coosa River for fun. We offer rentals of all types for your adventure.,,free,,,,,,2025 entry — verify for 2026
newcomer-guide,Sports & Recreation,Recreation Leagues & Programs,,David Whetstone Jr. Sports Complex,1099 Autauga County 4,Prattville,AL,36067,(334) 595.0825,,,Baseball facility and home to Dixie Majors.,,free,,,,,,2025 entry — verify for 2026
newcomer-guide,Sports & Recreation,Recreation Leagues & Programs,,Fountain City BMX,1099 Autuaga County 4,Prattville,AL,36067,(334) 435.0295,,,"Bicycle, motorcross racing track. Races held on weekend.",,free,,,,,,2025 entry — verify for 2026
newcomer-guide,Sports & Recreation,Recreation Leagues & Programs,,Jackson Lake Island,Cypress Lane,Millbrook,AL,36054,(334) 430.7963,,,"Known for its rold in ""Big Fish"" and wild goats. Great for exploring or kayaking.",,free,,,,,,2025 entry — verify for 2026
newcomer-guide,Sports & Recreation,Recreation Leagues & Programs,,Lower Wetumpka Shotgun Sports Club,4758 Wetumpka Road,Wetumpka,AL,36110,(334) 420.3371,lwssc.com,,"Whether you are a beginner or a seasoned professional we have something for you.  Choose from clay courses, covered 5-stand, wobble trap, skeet field, and continental pheasant hunts.",,free,,,,,,2025 entry — verify for 2026
newcomer-guide,Sports & Recreation,Recreation Leagues & Programs,,Montgomery Bicycle Club,,Montgomery,AL,,,mgmbikeclub.org,,Recreational and competitive bicycling promoted for the Central Alabama area and increase bicycle safety awareness.  Local Rides listed on our website.,,free,,,,,,2025 entry — verify for 2026
newcomer-guide,Sports & Recreation,Recreation Leagues & Programs,,Montgomery Miracle League,,Montgomery,AL,36124,(334) 300.1088,montgomeryamerican.com,,Where every child deserves a chance.  We provide opportunities for children and adults with physical/cognitive disabilities.,,free,,,,,,2025 entry — verify for 2026
newcomer-guide,Sports & Recreation,Recreation Leagues & Programs,,Montgomery White Water,1100 Maxwell Blvd,Montgomery,AL,36104,(334) 746.6530,,,"White water rafting, concerts, dining and much much more.",,free,,,,,,2025 entry — verify for 2026
newcomer-guide,Sports & Recreation,Recreation Leagues & Programs,,River Region Runners,,Montgomery,AL,,(334) 595.9786,riverregionrunners.org,,"Dedicated to serving all levels of runners. Be kept up to date on local runs, receive discounts on runs and merchandise, build friendships and gain support with other local runners.",,free,,,,,,2025 entry — verify for 2026
newcomer-guide,Sports & Recreation,Recreation Leagues & Programs,,Swayback Bike Trail,Jordan Dam Road,Wetumpka,AL,36092,(334) 567.9090,trailoflegends.org,,On the shores of Lake Jordan and offers 12 miles of biking/hiking.,,free,,,,,,2025 entry — verify for 2026
newcomer-guide,Sports & Recreation,Recreation Leagues & Programs,,Wetumpka Sports Complex,2350 Coosa River Pkwy.,Wetumpka,AL,36092,(334) 731.8475,,,"Fishing, baseball, soccer and softball fields, archery, tennis courts and large football stadium.",,free,,,,,,2025 entry — verify for 2026
newcomer-guide,Sports & Recreation,Recreation Leagues & Programs,,YMCA Grandview,4700 Camp Grandview Road,Millbrook,AL,36054,(334) 290.9622,ymcamontgomery.org,,"Large facility with pools, Indoor basketball court, camps and sports. Please call for more information about what we have to offer and pricing.",,free,,,,,,2025 entry — verify for 2026
newcomer-guide,Sports & Recreation,Recreation Leagues & Programs,,YMCA Montgomery,880 South Lawrence Street,Montgomery,AL,36104,(334) 269.4362,ymcamontgomery.org,,"Choose from many of our programs: Childcare & Early Learning, Fitness, Swimming, Camps, Youth Sports, Adult Sports, Youth Programs, Senior Programs and Adventure Guides. Please visit our website for more information about our 12 locations what they have to offer.",,free,,,,,,2025 entry — verify for 2026
newcomer-guide,Sports & Recreation,Recreation Leagues & Programs,,YMCA Prattville,972 McQueen Smith Rd S,Prattville,AL,36066,(334) 365.5582,prattvilleymca.org,,"We offer Childcare, Education and Leadership, Swim, Sports & Play and Camp. Please visit our website for more information on our 5 locations and pricing.",,free,,,,,,2025 entry — verify for 2026
newcomer-guide,Sports & Recreation,Recreation Leagues & Programs,,YMCA Wetumpka,200 Red Eagle Drive,Wetumpka,AL,36092,(334) 567.8282,ymcamontgomery.org,,"We offer adult sports, aquatics, before and after school childcare, Summer Day Camps and Youth Sports. Please call for more information and pricing.",,free,,,,,,2025 entry — verify for 2026
