title,start_date,start_time,end_date,end_time,location,address,email,phone,website,cost,description
Tuck Everlasting The Musical,"Now-May 10, 2026",,,,Faulkner Theatre,"5346 Atlanta Highway, Montgomery, AL 36109",,,https://www.pikeroadtheatrecompany.org/shows/tuck-everlasting-the-musical,Tickets are $25 — advance purchase is recommended.,"Join us for a moving, family-friendly theatrical experience that celebrates courage, the power of choice, and the fleeting moments that make life meaningful."
Perfect Arrangement,"Now-May 10, 2026",7:00 PM,,,Cloverdale Playhouse,"960 Cloverdale Road, Montgomery, AL 36106",,,https://www.cloverdaleplayhouse.org,$12.51,"It's 1950, and new colors are being added to the Red Scare. Two U.S. State Department employees, Bob and Norma, have been tasked with identifying sexual deviants within their ranks. There's just one problem: Both Bob and Norma are gay, and have married each other's partners as a carefully constructed cover. Inspired by the true story of the earliest stirrings of the American gay rights movement, madcap classic sitcom-style laughs give way to provocative drama as two ""All-American"" couples are forced to stare down the closet door."
Prattville CityFest,"Friday, May 1, 2026",5:00?PM,,9:00?PM,,"124 West Main Street, Prattville, AL 36067",thelyric@prattvilleal.gov,,https://thelyricatesthers.com/events/ramblin-ricky-tate-p2mkh,,Prattville CityFest will be taking place in downtown Prattville.
Art After Five: Last Call for This Land Is Your Land,"Friday, May 1, 2026",6:00 PM,,8:00 PM,Montgomery Museum of Fine Arts,"1 Museum Drive, Montgomery, AL 36117",,,https://mmfa.org/event/art-after-five-last-call-for-this-land-is-your-land,This event is free and open to the public.,"Join us in saying goodbye to the This Land Is Your Land exhibition. Come unwind and discover the restorative properties of nature and sound. Enjoy a cash bar featuring a specialty cocktail, savor light hors d'oeuvres, and be in community through at and conversation."
Riverbend Bourbon & Brews,"Friday, May 1, 2026",6:00 PM,,10:00 PM,Riverfront Park,"355 Commerce Street, Montgomery, Alabama 36104",,,https://www.montgomeryal.gov/Home/Components/Calendar/Event/11322/4288,"$10 Military Discount, $5 League of Municipalities Attendees Discount.","Come enjoy a great night of drinks, food, music, and fun in downtown Montgomery. $40 per person, Discounts available for Military and League of Municipalities attendees."
Montgomery Home Show,"May 1, 2026 - May 3, 2026",10:00 AM,,6:00 PM,Garrett Coliseum,"1555 Federal Drive, Montgomery, AL 36107",info@nationwideexpos.com,(800) 201-4663,https://montgomeryhomeshow.com,free,"This free event is the perfect opportunity for homeowners to save BIG on all home improvement projects and meet with local and national vendors face to face, offering valuable insights and guidance to help you turn your vision into reality."
The Jewell Joy Cup 2026,"Saturday, May 2, 2026",8:00 AM,,2:00 PM,Lagoon Tennis Park,"2855 Lagoon Park Dr, Montgomery, AL 36109",,,https://www.dreamcourt.org/unified-doubles-play-day,,
Magical Creatures Education Program,"Saturday, May 2, 2026",10:00 AM,,12:00 PM,"Montgomery Zoo and Mann Wildlife Museum, 2301 Coliseum Parkway, Montgomery, Alabama 36110",,zooinfo@montgomeryal.gov,(334) 625-4909,https://www.montgomeryal.gov/Home/Components/Calendar/Event/9619/4288,"Montgomery Zoo member: Accompanying adults: FREE, Children (4-12 years old): $21, Non-Zoo member: Accompanying adults: $19, Children (4-12 years old): $35","Meet some of the magical animals that are featured in the movies like Harry Potter and The Hobbit. You will get a chance to meet animals up close, learn about them in their habitats, and take home some special prizes for yourself. Advanced reservations required. All participants must be registered no later than Friday, May 1 @ 12pm (noon). This allows the opportunity to prepare for the proper number of participants. Thank you for your cooperation. NO TICKETS WILL BE SOLD AT THE DOOR ON THE DAY OF THE EVENT!"
Patriotic Still Life in Oil Workshop: Barbara Davis,"Saturday, May 2, 2026",10:00 AM,,4:00 PM,Pike Road Arts Center,"944 Wallahatchie Rd, Pike Rd, AL 36064",jarnold@pikeroad.us,(334) 272-9883,https://lp.constantcontactpages.com/ev/reg/n8md3hk,,"Join us Barbara Davis as she guides you through still life setup and design, with a focus on expressive, impressionistic brushwork using color."
Prattville CityFest: Live at The Lyric,"Saturday, May 2, 2026",11:00?AM,,4:00?PM,"124 West Main Street, Prattville, AL 36067",,thelyric@prattvilleal.gov,,https://thelyricatesthers.com/events/ramblin-ricky-tate-p2mkh-pbmxr,,Prattville CityFest will be taking place in downtown Prattville. Several bands will be playing at The Lyric during the day as part of CityFest.
Spring Explosion 100,"Saturday, May 2, 2026",5:00 PM,,,"Montgomery Motor Speedway, 480 Booth Road, Montgomery, AL 36108",,gm@montgomerymotorspeedway.org,(334) 262-6101,https://www.montgomerymotorspeedway.org,,"This night of racing features the Show Me The Money Pro Late Models, Late Model Sportsmen, Street Stocks, and Crown Stocks."
ALOE – Derby Day Destination,"Saturday, May 2, 2026",8:00 PM,,,"2596 Eastern Blvd, Montgomery, AL 36117",,,,https://aloeismyplace.com,,Live Derby viewing • Live DJ • Fashion • Vendor Village • Cash Prize Roll-Down.
Watercolor Workshop: Mother's Day Card with Kimmie Bothwell,"Sunday, May 3, 2026",11:00 AM,,4:00 PM,Pike Road Arts Center,"944 Wallahatchie Rd, Pike Rd, AL 36064",patty@pikeroad.us,,https://lp.constantcontactpages.com/ev/reg/3vq6u88,Registration is required and costs $25/per person,Celebrate Mother's Day with creativity and hear in this special watercolor workshop led by Kimmie Bothwell at the Pike Road Arts Council. This is a ONE-DAY workshop that will take place on May 3 from 1pm-4pm to make Mother's Day cards. The deadline to register is May 2!
Montgomery RnB and Blues Picnic,"Sunday, May 3, 2026",1:00 PM,,9:00 PM,Riverwalk Amphitheater,"355 Coosa St, Montgomery, AL 36104",,,https://rnbbluespicnic.com,,"Yes we are still healing & it feels good to be around great beautiful people. A event with good food, music, wellness and healing vendors, games and more. Come join us for Montgomery's R&B and Blues Picnic in the heart of the city at River Walk Amphitheater . We will be playing the best of Classic and New R&b and Southern Soul Blues Music. Bring your own cooler (No Glass)."
May the Fourth Be With You,"Monday, May 4, 2026",6:00 PM,,7:00 PM,Autauga-Prattville Public Library,"254 Doster St Prattville, AL 36067",,(334) 365-3396,https://appl.info/event/may-the-fourth-be-with-you,,Goopa Teens and Tweens! Join us for some crafting and fun. Snacks will be served. Ages 12 – 18 years.
One Hour/One Poem: Discover the verse of Langston Hughes,"Tuesday, May 5, 2026",5:30 PM,,7:00 PM,The NewSouth Bookstore,"105 South Court Street, Montgomery, AL 36104",jessala.white@newsouthbookstore.com,(334) 834-3556,https://www.newsouthbookstore.com,,"Make a date with a poem and Dr. Susie Paul. Off the success in 2025 of One Hour/One Poem, Paul returns to The NewSouth Bookstore to teach one great nineteenth- or early twentieth-century poem in each of four sessions of an hour or less. The program is a deep dive into the work of four significant American writers, all giants of the poetic form: Edgar Allan Poe, Paul Laurence Dunbar, Robert Frost, and Langston Hughes. Paul is a master educator with a deep love of poetry, who is thrilled to have the opportunity to teach these works. ""The Weary Blues"" by Langston Hughes, written in 1926, is the subject of her fourth session, scheduled for Tuesday. Hope you can join us."
Mini Makers: Art in Nature (Waitlist Only),"May 5 & 9, 2026",9:30 AM,,10:30 AM,Montgomery Museum of Fine Arts,"1 Museum Drive, Montgomery, AL 36117",kahobbs@mmfa.org,(334) 625-4349,https://mmfa.org/event/mini-makers-art-in-nature,,"Mini Makers and their caregivers will explore how artists are inspired by the natural world through looking at landscapes and floral still lifes in the Museum's galleries and, weather permitting, a visit to the Sculpture Garden. Children will stretch and move like growing trees, explore natural textures, and create nature-inspired art. This hands-on class encourages curiosity, sensory exploration, and creative play in a supportive, structured environment."
5X7 Art Show and Sale,"Thursday, May 7, 2026",5:00 PM,,7:00 PM,Pike Road Arts Council,"944 Wallahatchie Rd, Pike Rd, AL 36064",patty@pikeroad.us,,https://www.pikeroad.us/events-1/5x7-art-show-and-sale-2,,"This special Pike Road event invites art enthusiasts and collectors alike to explore a collection like no other: each piece a small-scale marvel designed to delight and inspire. With around 200 pieces available, each no larger than 35 square inches and affordably priced at no more than $57, the public has an opportunity to acquire an original artwork that can add a touch of elegance to any space. Art will be accepted at the Pike Road Arts Center beginning on April 25, 2026. The Arts Center & Water House Gallery are open on Saturdays from 10 AM – 4 PM and Sundays from 1-4 PM."
Ramblin' Ricky Tate: Live at The Lyric,"Thursday, May 7, 2026",6:00?PM,,9:00?PM,"124 West Main Street, Prattville, AL 36067",,thelyric@prattvilleal.gov,,https://thelyricatesthers.com/events/ramblin-ricky-tate,,"Ramblin' Ricky Tate is a Country Blues, Bluegrass, & Folk singer from Birmingham, Alabama. Ricky is a founding member of Jug Band Hall of Fame inductees the Steel City Jug Slammers and over the years has traveled far and wide, singing from street corners to theaters and every dive bar in between. Ricky sings ruckus-filled folk, bluegrass, and lonesome blues."
The Night Caps: Live at The Lyric,"Friday, May 8, 2026",6:00?PM,,9:00?PM,"124 West Main Street, Prattville, AL 36067",,thelyric@prattvilleal.gov,,https://thelyricatesthers.com/events/ramblin-ricky-tate-ycmg7,,". The Night Caps are a Prattville favorite playing Blues, Rock R&B and everything in between."
"The Black Jacket Symphony Bon Jovi ""Slippery When Wet""","Friday, May 8, 2026",7:30 PM,,,Montgomery Performing Arts Center,"201 Tallapoosa Street, Montgomery, AL 36104",,(334) 481-5100,https://mpaconline.org/the-black-jacket-symphony,Ticket Prices: $40 - $45.,"Remember putting on an album and listening from start to finish? Relive that moment with a live concert experience unlike any other as The Black Jacket Symphony recreates a select classic album live in its entirety—note for note, sound for sound—plus a full set of greatest hits from the evening's artist."
Moms & Mimosa's Brunch Experience!,"Saturday, May 9, 2026",11:00 AM,,,Itta Bena,"1801 Eddie L Tullis Road, Montgomery, AL 36117",,,https://www.opentable.com/r/itta-bena-montgomery-montgomery,$25.00 - $50.00 per person.,"The Mother's Day Prelude: Mimosas & Moments is not a buffet—it's a chef-curated brunch experience designed for guests who value quality, atmosphere, and seamless service over crowded, traditional dining. This exclusive Saturday event offers a refined three-course menu, allowing each guest to select their starter, entrée, and dessert—ensuring every plate is prepared with precision and delivered at the level expected of Itta Bena!"
Alice's Tea Party at the Fitz!,"Saturday, May 9, 2026",12:00 PM,,,The Scott and Zelda Fitzgerald Museum,"919 Felder Avenue, Apt B, Montgomery, AL 36106",,,https://www.eventbrite.com/e/alices-tea-party-at-the-fitz-tickets-1985754508189,Price:$29,"A pre-Mother's Day Alice's Adventures in Wonderland themed Tea Party. Alice's Tea Party will be a family-friendly where families are encouraged to dress up as their favorite characters from Alice's Adventures in Wonderland, or Sunday clothes, and enjoy an afternoon tea party."
Curke Dudley and Friends: Live at The Lyric,"Saturday, May 9, 2026",6:00?PM,,9:00?PM,"124 West Main Street, Prattville, AL 36067",,thelyric@prattvilleal.gov,,https://thelyricatesthers.com/events/jahz-live-at-the-lyric-ct9cl-npchf-p9tk8-bfj3z,,"Curke Dudley is a living musical legend, from a storied career at the apex of modern American music in 1970's Memphis to his current status as an elder statesman of the River Region music scene. Curke's show ranges from blues and soul to funk, Gospel and everything in between. Don't miss this epic artist as he takes over The Lyric stage!"
Mother's Day at Zoo,"Sunday, May 10, 2026",9:30 AM,,3:30 PM,Montgomery Zoo and Mann Wildlife Museum,"2301 Coliseum Parkway, Montgomery, Alabama 36110",zooinfo@montgomeryal.gov,(334) 625-4905,https://www.montgomeryal.gov/Home/Components/Calendar/Event/5996/4288,,"Celebrate Mother's Day at the Montgomery Zoo and Mann Wildlife Learning Museum. All Moms receive FREE admission, so make plans to join us for Mom's special day."
Mother's Day Cruise: Mom's & Mimosas on the Alabama River!,"Sunday, May 10, 2026",11:00 AM,,8:45 PM,Sip-n-Cycle Pedal Cruise,"355 Commerce Street, Montgomery, Montgomery, AL, 36104",,(334) 399-2387,https://www.facebook.com/events/1307452411329712,,"Celebrate Mom in style aboard Sip-n-Cycle Pedal Cruise! Treat her to a fun, relaxing ride on the Alabama River filled with great music, beautiful views, and unforgettable moments. Bring your favorite drinks and snacks, kick back, and enjoy a one-of-a-kind experience with family and friends. Whether you're pedaling, dancing, or just soaking in the scenery, this is the perfect way to show Mom how much she means to you! Spots are limited—book your cruise today!"
Nations and Cannons,"Monday, May 11, 2026",4:00 PM,,8:00 PM,Autauga-Prattville Public Library,"254 Doster St Prattville, AL 36067",,(334) 365-3396,https://appl.info/event/nations-and-cannons/2026-05-11,,"Join the Spy and the Hill Adventure to experience firsthand, the espionage and bravery at the Battle of Bunker Hill! Nations and Cannons is a historically focused D&D (5th Edition) campaign set during the American Revolution (1775-1783). This program is for ages 12-17. Space is limited, and registration is required. Call or come by the library to sign up."
"Four Poets, for the Pure Pleasure of It!","Tuesday, May 12, 2026",5:30 PM,,7:00 PM,The NewSouth Bookstore,"105 South Court Street, Montgomery, AL 36104",jessala.white@newsouthbookstore.com,(334) 834-3556,https://www.newsouthbookstore.com,,"Four of the finest poets working in the greater Montgomery area join us on Tuesday for a group reading of their newly published works and/or works in progress. It's positively celebratory! Join us for an hour of listening fun with Garrett Ashley, Ken Autrey, Kate Gaskin, and Catherine Hamrick."
MPAC Live Presents Chicago,"Wednesday, May 13, 2026",7:30 PM,,,Montgomery Performing Arts Center,"201 Tallapoosa Street, Montgomery, AL 36104",,(334) 481-5100,https://mpaconline.org/chicago,,Live in Concert.
Art in the Library – Closing Reception,"Thursday, May 14, 2026",4:00 PM,,5:00 pm,Autauga-Prattville Public Library,"254 Doster St Prattville, AL 36067",,(334) 365-3396,https://appl.info/event/art-in-the-library-closing-reception-2,,Join us for a closing reception for the Art in the Library program. All participants will receive an award for submitting an art piece. Snacks and water will be served.
Daniel Rood with In the Shadow of the Great House,"Thursday, May 14, 2026",5:30 PM,,7:00 PM,The NewSouth Bookstore,"105 South Court Street, Montgomery, AL 36104",jessala.white@newsouthbookstore.com,(334) 834-3556,https://www.newsouthbookstore.com,,"It is our great pleasure to welcome Daniel Rood to The NewSouth Bookstore for a talk about his new book, In the Shadow of the Great House, an astonishing ecological, architectural, cultural, and, above all, economic history of one of the primary emblems and engines of American history. It's an revelatory and important new work. Join us for this special event."
Kiana Scott: Live at The Lyric,"Thursday, May 14, 2026",6:00?PM,,9:00?PM,"124 West Main Street, Prattville, AL 36067",,thelyric@prattvilleal.gov,,https://thelyricatesthers.com/events/tony-brook-hzjlg,,"With a lifelong passion for music, Kiana stepped into the spotlight after winning an open mic competition in 2019. Since then, she has been captivating audiences across various venues, blending R&B, pop, and classic hits into dynamic performances. Known for her vibrant energy and natural crowd connection, Kiana turns every set into an experience. With powerful vocals and a lively presence, she brings authenticity, fun, and emotion to every stage she touches."
Exploring Cold Wax in Abstract and Semi Abstract Landscape with Connie Collier,"Friday, May 15, 2026",10:00 AM,,1:00 PM,Pike Road Arts Council,"944 Wallahatchie Rd, Pike Rd, AL 36064",jarnold@pikeroad.us,(334) 272-9883,https://www.pikeroad.us/events-1/exploring-cold-wax-in-abstract-and-semi-abstract-landscape-with-connie-collier-1,,"Dive into layered texture and movement through cold wax painting, creating semi-abstract landscapes in this hands-on, two-day guided workshop experience with Connie Collier! The cost for this workshop is $65 per participant. This workshop is limited to 10 attendees to allow for a focused and engaging experience. REGISTER HERE: https://lp.constantcontactpages.com/ev/reg/nadq9pf by May 1 to secure your spot!"
Richard Incorporated: Live at The Lyric,"Friday, May 15, 2026",6:00?PM,,9:00?PM,"124 West Main Street, Prattville, AL 36067",,thelyric@prattvilleal.gov,,https://thelyricatesthers.com/events/richard-inc,,"Richard Inc. is a Prattville-based alternative indie band known for delivering high-energy live performances rooted in groove, soul, and experimental sound. Often described as a ""power band"", the group blends funk, rock, and rhythmic improvisation to create a dynamic and unpredictable live experience."
National Tennis Month: Family Hit to Be Fit,"Friday, May 15, 2026",6:00 PM,,7:30 PM,O'Connor Tennis Center,"500 Anderson St., Montgomery, Alabama 36107",tennismgm@gmail.com,(334) 398-0612,https://playtennis.usta.com/Programming/onecommunity/Coaching/Session/dc9373ca-3334-4b5a-99ea-7a803d9bccc9?location=Montgomery,,"Grab your sneakers and bring the whole crew for an evening of fun, fitness, and family bonding! Join us for Family Hit to Be Fit, a special National Tennis Month celebration designed to get families moving together on the court. Whether you're brand?new to tennis or already a seasoned player, this event offers the perfect opportunity to enjoy the game in a relaxed, welcoming environment. No experience is necessary—bring your energy and enthusiasm! Loaner racquets are available. Come out, learn something new, and kickstart a healthy lifestyle as a family. We can't wait to see you on the courts!"
Montgomery Jubilee Runs,"Saturday, May 16, 2026",7:30AM,,,Old Alabama Town,"301 Columbus Street, Montgomery, AL 36104",,,https://runsignup.com/Race/AL/Montgomery/JubileeRuns,Price:$30,Come join the excitement of Montgomery's longest standing competitive running event! Montgomery Jubilee Runs are now set. This iconic Montgomery event features competitive runs/walk on a 8K USATF certified course and the Peggy Lanier 2-Mile. The Road Runners Club of America (RRCA) has bestowed the designation of Alabama 8K State Championship for this race!
National Tennis Month: Ladies Connection,"Saturday, May 16, 2026",9:00 AM,,11:00 AM,O'Connor Tennis Center,"500 Anderson St., Montgomery, Alabama 36107",tennismgm@gmail.com,(334) 398-0612,https://playtennis.usta.com/Programming/onecommunity/Coaching/Session/02be1f93-30c1-44b0-a2f2-03e3a0679ada?location=Montgomery,,"Celebrate National Tennis Month with Ladies Connection—a fun, welcoming morning designed just for women ages 21+ of all skill levels! Whether you've never picked up a racquet or you play every week, this event is all about connection, confidence, and enjoying the sport together. Loaner racquets will be available, making it easy for anyone to jump in and give tennis a try. Come ready to learn the basics, sharpen your skills, make new friends, and have a great time on the court. Join us for an uplifting morning of movement, laughter, and community. Let's celebrate National Tennis Month the best way we know how—by playing!"
Animal Enrichment Day,"Saturday, May 16, 2026",10:00 AM,,3:00 PM,Montgomery Zoo and Mann Wildlife Museum,"2301 Coliseum Parkway, Montgomery, Alabama 36110",zooinfo@montgomeryal.gov,(334) 625-4905,https://www.montgomeryal.gov/Home/Components/Calendar/Event/694/4288,,"The goal of Animal Enrichment Day is to safely stimulate and reproduce behaviors that are natural for each animal. Placing different stimuli in the animals' environment allows animals to use their five basic senses while they exercise. It is a lot of trial and error, but it is always fun."
Kayak 101 Class,"Saturday, May 16, 2026",10:00 AM,,4:00 PM,"1100 Maxwell Blvd, Montgomery, Alabama 36104",,info@montgomerywhitewater.com,(334) 746-6530,https://montgomerywhitewater.com/upcoming-events/kayak-101-class,"Class registration is $15, spots are limited.","Summer is right around the corner and kayaking is a great way to enjoy Alabama's beautiful outdoors! Alabama Law Enforcement Agency, Alabama Department of Conservation and Natural Resources, Montgomery Whitewater and the certified paddlesports instructors of ACA Alabama are teaming up to get you started! Register here: https://secure.rocket-rez.com/RocketWeb2/5507e8d3e040ea4c/item/2/1"
"1,000 Books Before Kindergarten Graduation Celebration","Saturday, May 16, 2026",10:30 AM,,11:30 AM,Autauga-Prattville Public Library,"254 Doster St Prattville, AL 36067",,(334) 365-3396,https://appl.info/event/1000-books-before-kindergarten-graduation-celebration,,"Join us as we celebrate young readers and their achievement of having read 1,000 Books Before Kindergarten!"
Gumptown Brass Band: Live at The Lyric,"Saturday, May 16, 2026",6:00?PM,,9:00?PM,"124 West Main Street, Prattville, AL, 36067",,thelyric@prattvilleal.gov,,https://thelyricatesthers.com/events/gumptown-brass,,Gumptown Brass Band plays an authentic mix of New Orleans style Secomd Line marching band music and modern jazz mixed with R&B. They are known as one of the premier party bands in the region. Come out to The Lyric for a great time and an eclectic high-energy show!
A Fine & Dandy Affair,"Saturday, May 16, 2026",7:00 PM,,11:00 PM,"Blount Cultural Park, Montgomery, AL",,,,https://www.eventbrite.com/e/a-fine-dandy-affairtm-tickets-1987133825765?aff=oddtdtcreator#location,$108.55,"A Fine & Dandy Affair is Montgomery's signature multi-day cultural experience that positions it as a destination for art, culture, wellness, and economic empowerment—serving as an official Road to Essence Festival of Culture activation. The signature event will be like the ""Met Gala of Montgomery"" and will feature a high-impact cultural moment that combines fashion, performance, storytelling, and recognition of cultural leaders, while under a tent, enjoying live music."
Emo Orchestra With The Spill Canvas,"Saturday, May 16, 2026",8:00 PM,,,Montgomery Performing Arts Center,"201 Tallapoosa Street, Montgomery, AL 36104",,(334) 481-5100,https://mpaconline.org/emo-orchestra,Ticket Prices: $27.50 - $47.50,"Live in Concert. For emo music lovers and orchestra aficionados alike, Emo Orchestra is a new live experience that brings some of the most beloved emo songs of your youth to the theater stage with a full orchestra arrangement."
"Gregory O'Malley with ""The Escapes of David George""","Sunday, May 17, 2026",3:00pm,,4:30pm,The NewSouth Bookstore,"105 S. Court Street, Montgomery, AL 36104",,,https://www.newsouthbookstore.com/events,,"From a prize-winning historian comes a dramatic story about a Black man's relentless search for freedom in Revolutionary-era America. Piecing together archival records and David George's own brief account of his life?the earliest written testimony by a fugitive enslaved person in North America?Gregory O'Malley presents a thrilling narrative and unique perspective on our nation's origins, principles, and contradictions."
"Shannon Milliman talk about ""What If God Is? What If I Am?""","Tuesday, May 19, 2026",5:30pm,,7:00pm,The NewSouth Bookstore,"105 S. Court Street, Montgomery, AL 36104",,,https://www.newsouthbookstore.com/events,,"It'll be a lovely evening on Thursday, May 19 at 5:30pm when we welcome Shannon Milliman, a nationally staged playwright, poet/essayist, and TEDx speaker, whose work blends humor, heart, and a keen eye for the beauty in everyday moments. She will read from her book of selected verse, What If God Is? What If I Am?, and a work in progress, These Mountains Should Be Ours. Let's welcome this talented Alabama transplant!"
Sun Belt Conference Baseball Championship,"May 19, 2026 - May 24, 2026",,,,DABOS Park,"200 Coosa Street, Montgomery, AL 36104",,,https://experiencemontgomeryal.org/sun-belt-baseball-championship,,The 2026 Sun Belt Baseball Conference returns to DABOS Stadium in Montgomery this May. Come experience one of the best college baseball conferences in the country in this exciting ten-team bracket! Sun Belt Baseball ranks among the nation's elite in NCAA postseason success and MLB draft picks. Come experience Sun Belt Baseball. Get your tickets today!
Bud's Field Trip to American Village,"Thursday, May 21, 2026",4:00 PM,,5:00 PM,Autauga-Prattville Public Library,"254 Doster St Prattville, AL 36067",,(334) 365-3396,https://appl.info/event/buds-field-trip-to-american-village,,"Join us for a special program where kids ages 7 – 12 years will dive into the world of value, trade and barter using the book Bud's Field Trip to American Village. This program is an AHFA Kid's Financial Literacy Adventure!"
Gary Edmunds Duo: Live at The Lyric,"Thursday, May 21, 2026",6:00?PM,,9:00?PM,"124 West Main Street, Prattville, AL 36067",,thelyric@prattvilleal.gov,,https://thelyricatesthers.com/events/tony-brook-7wlfx,,"Gary Edmunds is a Birmingham-based Alabama music legend known for his expressive guitar playing, voice and songwriting. He has been a fixture in some of the best Alabama-based bands for decades."
ZooBrews and Food Festival,"Thursday, May 21, 2026",6:00 PM,,10:00 PM,Montgomery Zoo and Mann Wildlife Museum,"2301 Coliseum Parkway, Montgomery, Alabama 36110",zooinfo@montgomeryal.gov,(334) 625-4900,https://www.montgomeryal.gov/Home/Components/Calendar/Event/10130/4288,,"Join us for spring evening full of tailgating fun and follies: a yummy assortment of food trucks, beer and wine vendors, live bands and entertainment, large lawn games to play, and much more. Great time to bring lawn chairs and blankets, enjoy the food, beverages, music, and play a few games, all under the stars of the Montgomery Zoo. Awesome time spend with family and friends enjoying a great casual afternoon. See you there!"
Let's Go Legos!,"Friday, May 22, 2026",3:00 PM,,4:30 PM,Autauga-Prattville Public Library,"254 Doster St Prattville, AL 36067",,(334) 365-3396,https://appl.info/event/lets-go-legos-3,,"School's out for summer! Let's celebrate with fun brick building at the library! The Lego bins and a few challenges will be out and you can come, build and play for as long as you would like."
Jubilee Pops,"Friday, May 22, 2026",7:00 PM,,,Alabama Department of Archives and History,"624 Washington Avenue, Montgomery, AL 36104",,(334) 240-4004,https://www.montgomerysymphony.org/jubilee,,"Join Montgomery Symphony Orchestra for a free concert event! Bring your family, friends, lawn chairs, and a picnic basket for a delightful evening under the stars with classic patriotic tunes."
Prattville Pops Memorial Day Concert: Live at The Lyric,"Friday, May 22, 2026",7:00?PM,,8:30?PM,"124 West Main Street, Prattville, AL 36067",,thelyric@prattvilleal.gov,,https://thelyricatesthers.com/events,,"Get ready to tap your feet and sway to the beat as the Prattville Pops Concert Band takes the Lyric stage in honor of Memorial Day. Our talented musicians come from all walks of life, united by their love for music. Whether you enjoy amazing overtures, are mad for marches, or enjoy compelling concert pieces, you'll be swept away by the contagious rhythms and soulful melodies of our performances. Get ready to experience the thrill of a live performance with the Prattville Pops Concert Band!"
Tony Brook Band: Live at The Lyric,"Saturday, May 23, 2026",6:00?PM,,9:00?PM,"124 W Main St, Prattville, AL 36067",,thelyric@prattvilleal.gov,,https://thelyricatesthers.com/events/tony-brook,,"Tony has opened up for such acts as Willie Nelson, Ray Charles, Government Mule, Robert Earl Keen and Sam Bush, & has had songs recorded by American Idol Taylor Hicks, the late great Wayne Mills, & blues legend Billy Earl McClelland. He has appeared on the airwaves worldwide, such as BBC Radio with Keith Greentree & Stephen Bumfrey. ""I try to cover all the Tony Brook songs I can. Tony can paint a picture of Alabama better than anyone I know."" -Adam Hood, Low Country Sound and Warner/Chappell Nashville."
Steve Solomon,"Sunday, May 24, 2026",4:00 PM,,,Montgomery Performing Arts Center,"201 Tallapoosa Street, Montgomery, AL 36104",,(334) 481-5100,https://mpaconline.org/steve-solomon,Ticket Prices: $20.50 - $35.50,"Steve, a Brooklyn native, grew up in the diverse neighborhood of Sheepshead Bay—an ideal setting for a future comedian. From a young age, he used his talent for imitating accents and writing jokes to entertain others. He shared his work with friends, comics, and publications, and later reached thousands through email as the internet grew. For over 20 years, his jokes have circulated widely—often returning to him from around the world. Alongside his comedy, Steve built a career as a Physics teacher and later served as an assistant superintendent on Long Island, New York."
Memorial Day Holiday and Weekend / ZOO OPEN,"Monday, May 25, 2026",9:30 AM,,3:30 PM,Montgomery Zoo and Mann Wildlife Museum,"2301 Coliseum Parkway, Montgomery, Alabama 36110",zooinfo@montgomeryal.gov,(334) 625-4905,https://www.montgomeryal.gov/Home/Components/Calendar/Event/6008/4288,,We look forward to seeing you and your family enjoy this holiday exploring the great outdoors and the continents of the world while visiting the Montgomery Zoo and Mann Wildlife Learning Museum. Come enjoy the sights and sounds of the Montgomery Zoo.
Drop-In Art Workshop (DRAW): Rainmakers,"May 26-31, 2026",10:00 AM,,1:00 PM,Montgomery Museum of Fine Arts,"1 Museum Drive, Montgomery, AL 36117",,,https://mmfa.org/event/drop-in-art-workshop-draw-rainmaker,,"Drop by the ArtWorks Interactive Gallery between 10 AM and 1 PM for creative activities inspired by the permanent collection, temporary exhibitions, and the art all around us. This free program is appropriate for all ages but focused more for our visitors under the age of 10. Activities are on a first-come, first-served basis. Registration is not required. Please note, the Museum is closed Mondays."
Art Crawl: Mark Making!,"May 27 & 30, 2026",9:30 AM,,10:30 AM,Montgomery Museum of Fine Arts,"1 Museum Drive, Montgomery, AL 36117",kahobbs@mmfa.org,(334) 625-4349,https://mmfa.org/event/art-crawl-mark-making,,"Infants observe mark-making (the lines, shapes, texture, and ridges) in the artworks around them. Museum educators will lead participants through galleries and provide provocations based on exploration. In May, we give them tactile ways to interact with this concept through different materials that deepen their understanding and exploration! Age Range: Infants up to 18 months with their caregivers. Due to the age range of participants, pre-registration is required."
Justin Turberville: Live at The Lyric,"Thursday, May 28, 2026",6:00?PM,,9:00?PM,"124 West Main Street, Prattville, AL, 36067",,thelyric@prattvilleal.gov,,https://thelyricatesthers.com/events/jug-slammers-tpygp-9242d-97mj7,,Justin Turberville Solo Acoustic: Information coming soon.
Opening Reception Celebration,"Friday, May 29, 2026",5:00 PM,,7:00 PM,Montgomery Museum of Fine Arts,"1 Museum Drive, Montgomery, AL 36117",,,https://mmfa.org/event/opening-reception-celebration,This event is free and open to the public.,Join us in the celebration of 250 years of American independence as we debut three new exhibitions! More information coming soon.
Beats & Eats Foodtruck Fridays at Spillway Park,"Friday, May 29, 2026",6:00?PM,,9:00?PM,"124 West Main Street, Prattville, AL, 36067",,thelyric@prattvilleal.gov,,https://thelyricatesthers.com/events/jug-slammers-tpygp-9242d,,Enjoy Beats and Eats Foodtruck Fridays at Spillway Park! No events scheduled at The Lyric.
The Steel City Jug Slammers: Live at The Lyric,"Saturday, May 30, 2026",6:00?PM,,9:00?PM,"124 West Main Street, Prattville, AL, 36067",,thelyric@prattvilleal.gov,,https://thelyricatesthers.com/events,,"The Steel City Jug Slammers are an authentic American Jug Band from Birmingham, Alabama playing pre-WWII jug band and blues classics as well as weaving originals of their own. The Band is Ramblin' Ricky Tate, Jerrod Atkins, C.W. Medders, & Washtub Jay. The Steel City Jug Slammers were inducted into the Jug Band Hall of Fame in 2017 and featured on NPR's A Prairie Home Companion in 2015. Don't miss this awesome concert featuring classic American roots music!"
Exhibition on Screen: Frida Kahlo,"Sunday, May 31, 2026",1:00 PM,,3:30 PM,Montgomery Museum of Fine Arts,"1 Museum Drive, Montgomery, AL 36117",,,https://mmfa.org/event/exhibition-on-screen-frida-kahlo-2,"Cost: Regular: $14, Capri Member: $12.","These showings of films by Exhibition on Screen are presented at the Capri Theatre and accompanied by introductions from MMFA staff, offering audiences fully enriched arts experiences."
An afternoon of music with Thick Editions and guest Dylan Hawes-Glynn,"Sunday, May 31, 2026",3:00pm,,4:30pm,The NewSouth Bookstore,"105 S. Court Street, Montgomery, AL 36104",,,https://www.newsouthbookstore.com/events,,"Kick off summer with some great sounds at The NewSouth Bookstore! On Sunday, May 31 at 3pm we welcome Thick Editions, a legendary local improv group starring Jeff McLeod, Marshall Marrotte, and Tracy Harris — on guitar, bass, and drums, respectively — all longtime stalwarts of the underground Southeastern music scene. If you love music, you will love the heady mixture of written and improvised stuff this group always concocts. Dylan Hawes-Glynn, a multi-instrumentalist and composer from Nashville, opens for them on vibraphone. Fun!"
Zoofari Summer Camp,"June 1-5, 2026",8:30 AM,,4:30 PM,Montgomery Zoo and Mann Wildlife Museum,"2301 Coliseum Parkway, Montgomery, Alabama 36110",dcrowe@montgomeryal.gov,(334) 625-4909,https://www.montgomeryal.gov/Home/Components/Calendar/Event/8015/4288,Montgomery Zoo Members: $210/week Non-Zoo Members: $230/week Extended care: $25/week,Join us for Zoofari Summer Camp at the Montgomery Zoo and Mann Wildlife Learning Museum. The perfect way for your camper to enjoy a WILD summer. Summer camp is designed for boys and girls to enjoy a full-day zoo experience filled with adventure and fun. Your camper will experience a fun and educational week here at the Montgomery Zoo. Each day will follow an animal theme and will include coordinating activities. Advanced reservations required. This allows the opportunity to prepare for the proper number of participants. No tickets will be sold at the door on the day of the event!
Chicken and Biscuits,"June 4 - 21, 2026",,,,Alabama Shakespeare Festival,"1 Festival Drive, Montgomery, AL 36117",,,https://asf.net/chicken-biscuits,,"The Broadway comedy following sisters Baneatta and Beverly as they reunite at their father's funeral offers a healthy serving of humor, heart and familial drama. This production is recommended for children age 14+."
Legends of Country Rock,"Friday, June 5, 2026",7:30 PM,,,Montgomery Performing Arts Centre,"201 Tallapoosa Street, Montgomery, AL 36104",,,https://mpaconline.org/legends-of-country-rock,Ticket Prices: $37.50 - $77.50 Additional fees may apply.,"Orleans, Firefall, Pure Prairie League, Atlanta Rhythm Section."
AEG & MPAC Live Presents MC Lightfoot 10th Anniversary One Night Stand,"Saturday, June 6, 2026",8:00 PM,,,Montgomery Performing Arts Centre,"201 Tallapoosa Street, Montgomery, AL 36104",,,https://mpaconline.org/mc-lightfoot,Ticket Prices: $25 - $60 Additional fees may apply.,Comedian actor host. I live to do it all. I've worked with some of the greats looking to try to become great myself until then I gonna make you laff.
"Patricia Smith with her National Book Award-Winning poetry collection, ""The Intentions of Thunder""","Tuesday, June 9, 2026",5:30pm,,7:00pm,The NewSouth Bookstore,"105 S. Court Street, Montgomery, AL 36104",,,https://www.newsouthbookstore.com/events,,"We are honored to host Patricia Smith for a program at The NewSouth Bookstore, a talk about and reading from her 2025 National Book Award-winning book, The Intentions of Thunder. Smith is a poet, spoken-word performer, playwright, author, and writing teacher, whose work has been called life-changing, ""abundant, brilliant, and unprecedented."" Don't miss her Montgomery appearance!"
Creekwalk Concert Summer Series,"June 9 & 23, July 14 & 28",6:30 p.m,,,Spillway Park in downtown Prattville,,,,https://prattvilleal.gov/departments/special-events/creekwalk-concert-summer-series,,"The concerts will feature different artists or bands and food trucks to create a fun environment for the public to enjoy. Attendees are encouraged to bring blankets or chairs, and friends to share the memories!"
Military Appreciation Day,"Thursday, June 11, 2026",9:00 AM,,4:00 PM,Montgomery Zoo and Mann Wildlife Museum,"2301 Coliseum Parkway, Montgomery, Alabama 36110",zooinfo@montgomeryal.gov,Montgomery Area Chamber of Commerce at (334) 834-5200; Montgomery Zoo at (334) 625-4900,https://www.montgomeryal.gov/Home/Components/Calendar/Event/9242/4288?npage=2,,"The Montgomery Zoo and Mann Wildlife Learning Museum are proud to honor our nation's heroes with Military Appreciation Day. As a heartfelt thank-you to those who serve, all active-duty and retired military personnel and their dependent family members will receive FREE admission to the Zoo and Museum for the entire day. In addition to free admission, guests can enjoy complimentary food, drinks, and refreshments provided in the Zoo's Main Events area from 11:30am to 2:00pm."
"""Our Founding Fathers and Civic Virtue"": A talk by Keith Krawczynski","Thursday, June 11, 2026",5:30pm,,7:00pm,The NewSouth Bookstore,"105 S. Court Street, Montgomery, AL 36104",,,https://www.newsouthbookstore.com/events,,"Kicking off our bookstore's America 250 celebrations is Keith Krawczynski, author and Distinguished Professor of History at AUM, where he has taught for 25 years; his areas of specialty include Colonial America. Krawczynski will speak about our nation's Founding Fathers as the topic relates to civic virtue. Our Founding Fathers understood that the United States was a national experiment on republican government."
Father's Day at Zoo,"Sunday, June 14, 2026",9:30 AM,,3:30 PM,Montgomery Zoo and Mann Wildlife Museum,"2301 Coliseum Parkway, Montgomery, Alabama 36110",zooinfo@montgomeryal.gov,(334) 625-4905,https://www.montgomeryal.gov/Home/Components/Calendar/Event/6046/4288?npage=2,,"A big thank you to all the Dads out there. With much gratitude and appreciation of your dedicated and loyal service to our sons and daughters, please celebrate Father's Day at the Montgomery Zoo and Mann Wildlife Learning Museum. All Dads receive FREE admission to the Montgomery Zoo and the Mann Wildlife Learning Museum. Join us for Dad's special day. Let's celebrate and honor all the DADs in our lives."
"Juneteenth Holiday, Zoo/Museum OPEN","Friday, June 19, 2026",9:30 AM,,3:30 PM,Montgomery Zoo and Mann Wildlife Museum,"2301 Coliseum Parkway, Montgomery, Alabama 36110",zooinfo@montgomeryal.gov,(334) 625-4905,https://www.montgomeryal.gov/Home/Components/Calendar/Event/9625/4288?npage=2,,We look forward to seeing you and your family enjoy this holiday exploring the great outdoors and the continents of the world while visiting the Montgomery Zoo and Mann Wildlife Learning Museum. Come enjoy the sights and sounds of the Montgomery Zoo during a holiday weekend.
Prattville Cruise In,"Saturday, June 20, 2026",16:00,,7:00 p.m,124 W Main Street,,bixlerslawnservice@gmail.com,(334) 313-3852,https://prattvilleal.gov/departments/special-events/prattville-cruise-in,,"The City of Prattville and the Heart of Dixie Mustang Club present the Prattville Cruise In, a lively car show packed with classic and unique rides. A free concert begins at 6:00 p.m."
Vince Gill 50 Years from Home 2026 Tour,"Monday, June 22, 2026",7:00 PM,,,Montgomery Performing Arts Centre,"201 Tallapoosa Street, Montgomery, AL 36104",,,https://mpaconline.org/vince-gill,Ticket Prices: $66 - $136 Additional fees may apply.,"One of the most popular and most recorded singers of the past thirty years, music icon Vince Gill today announced a portion of his upcoming tour dates. The 22-time Grammy winner and highly acclaimed musician, songwriter, vocalist, and producer will embark on a summer tour beginning June 18 and including a six-night residency in Nashville at the historic Ryman Auditorium."
When A Woman's Fed Up,"Saturday, June 27, 2026",8:00 PM,,,Montgomery Performing Arts Centre,"201 Tallapoosa Street, Montgomery, AL 36104",,,https://mpaconline.org/when-a-womans-fed-up,Ticket Prices: $49 - $64 Additional fees may apply.,"A compelling stage play that delves into the intricate web of various types of relationships, focusing on the challenges women face and the empowering journey of self-discovery when they reach the point of no return. ""When a Woman's Fed Up"" delivers a message of empowerment and liberation, encouraging the audience to have compassion, break free from societal expectations, embrace their independence and prioritize their own happiness."
Puzzling Adventures Scavenger Hunt,Daily through May 2026,,,,"205 Bibb St, Montgomery, AL 36104",,support@puzzlingadventures.com,(888) 433-8966,https://puzzlingadventures.com/buynow.php?code=EVENTPASS,"Puzzling Adventures Scavenger Hunt 10:00 AM to 8:00 PM. 205 Bibb St, Montgomery, AL 36104. Puzzling Adventures blend a scavenger hunt, adventure race, and self-guided walking tour, where participants solve clues and puzzles at various locations. Teams of any size can compete or explore leisurely, with most adventures wheelchair- and stroller-friendly; pricing is per team, with smaller groups recommended for the best experience. $39.95 with $10 EVENTPASS discount - price per team - online registration required.","Puzzling Adventures blend a scavenger hunt, adventure race, and self-guided walking tour, where participants solve clues and puzzles at various locations. Teams of any size can compete or explore leisurely, with most adventures wheelchair- and stroller-friendly; pricing is per team, with smaller groups recommended for the best experience. x"
Cottage Hill Scavenger Hunt: Cottage Hill Capers Treasure Hunt,Daily through May 2026,8:00 AM,,5:00 PM,"300 Water St, Montgomery, AL 36104",,support@letsroam.com,(833) 202-7626,https://www.letsroam.com/scavenger-hunt/montgomery-al/cottage-hill,$14.99,"Explore the heart of Montgomery, Alabama on an exciting scavenger hunt through historic Cottage Hill, where rich heritage and fascinating stories come to life. Discover iconic landmarks like the Hank Williams Museum, Freedom Rides Museum, and Montgomery Union Station as you journey through moments that shaped history."
Newcomers Club Get Acquaited Coffee,Every Weekday,10:00 AM,,11:30 AM,"Prevail Union, P. O. Box 241946, Montgomery, AL 36124",,newcomersmontgomery@gmail.com,,https://newcomersofmontgomery.com/special-events,Annual membership just $25.,"Ladies new to Montgomery—or just looking to make new friends—are invited to our FREE ""Get Acquainted Coffee"" to meet members and learn about fun activities like Book Club, Mah Jongg, Arts & Crafts, and more. This relaxed, come-as-you-are event highlights 12 activity groups, social events, and monthly luncheons."
Breakfast & Billiards,Every Monday,9:00 AM,,11:00 AM,Chisholm Community Center,"545 E. Vandiver Blvd., Montgomery, Alabama 36110",,(334) 659-7681,https://www.montgomeryal.gov/play/city-events,,"Senior adults are invited to join Breakfast & Billiards every Monday in May, except Monday, May 25, in observance of Memorial Day. Each weekly gathering features a light breakfast, including juice and coffee, along with a variety of engaging activities. These free sessions are designed to help senior adults make new friends, stay active, and remain socially connected—and no prior experience is needed to participate in any activity."
MGM Runs Hosts Joggers 'N Lagers,"Every Monday through September 7, 2026",6:00 PM,,,"Common Bond Brewers, LLC","424 Bibb Street, Suite 150, Montgomery, AL 36104",,,https://www.facebook.com/events/766129136325527/766129296325511/?active_tab=about,,"Runners, walkers, and everything in between are welcome for easy miles in historic downtown Montgomery!"
Tacos & Tallboys Tuesday,Every Tuesday,,,,Montgomery Biscuits Baseball,"200 Coosa Street, Montgomery, AL 36104",,,https://experiencemontgomeryal.org/event/tacos-%26-tallboys-tuesday/2047,,
Preschool Story Time,Every Tuesday,10:30 AM,,11:30 AM,Autauga-Prattville Public Library,"254 Doster St Prattville, AL 36067",,(334) 365-3396,https://appl.info,,"Story Time, crafts and activities are designed for children ages 3 – 5 years. Siblings are welcome."
May Mindfulness: Lunch Time Yoga,Every Tuesday,11:30 AM,,12:15 PM,Chisholm Community Center,"545 E. Vandiver Blvd. Montgomery, Alabama 36110",,(334) 659-7681,https://www.montgomeryal.gov/play/city-events,,"The Chisholm Community Center will also host free Lunch Time Yoga Classes every Tuesday. All experience levels and ages are welcome. Participants are encouraged to bring a yoga mat if they wish, along with a water bottle. These sessions offer a relaxing midday wellness break tailored to help citizens stay flexible, energized, and engaged."
Thrifty Tuesdays,Every Tuesday,12:00 PM,,3:30 PM,Montgomery Zoo and Mann Wildlife Museum,"2301 Coliseum Parkway, Montgomery, Alabama 36110",zooinfo@montgomeryal.gov,(334) 625-4905,https://www.montgomeryal.gov/Home/Components/Calendar/Event/8199/4288?npage=2,,"Hot admission discounts, Thrifty Tuesdays at Montgomery Zoo: The Montgomery Zoo is proud to announce our summer discounted admissions promotion, THRIFTY TUESDAYS. Receive 50% OFF admissions every Tuesday afternoon, during June and July. Tickets must be purchased in person, 12pm (noon) - 3:30pm (Tuesdays only) in order to receive the discounted admission. This discount cannot be combined with any other discount, coupon, and/or offer."
Lagoon Park Golfaholic League,Every Tuesday,5:30 PM,,,Lagoon Park Golf Course,"2855 Lagoon Park Drive, Montgomery, AL 36109",,(334) 240-4050,https://www.playmontgomerygolf.com/lagoon-park-golfaholics-league,$35 per person,"Join our weekly Golfaholic 9-hole league every Tuesday for a fun shotgun scramble where you can meet new friends, enjoy prizes, snacks, and drink specials. Played as a 4-person scramble (we'll pair you up!), no long-term commitment is required—sign up by 2:45 PM each week and play as often as you like."
The Weekly Wedge,Every Tuesday,7:00 PM,,,Hilltop Public House,"3 N Goldthwaite St, Montgomery, AL 36104",,,https://experiencemontgomeryal.org/event/the-weekly-wedge/2359,,Weekly Trivia.
Wheelchair Clinic Montgomery,Every Tuesday through May 2026,6:00 PM,,8:00 PM,O'Connor Tennis Center,"500 Anderson St Montgomery, AL 36107",,,https://www.dreamcourt.org,,Wheelchair Clinic Montgomery
Open Studio with Montgomery Art Center,Every Wednesday,10:00 AM,,4:00 PM,"450 N Hull Street, Montgomery , AL 36106",,,,https://experiencemontgomeryal.org/event/open-studio-with-montgomery-art-center/347,Free - with membership or $5 non-members.,"Join us weekly for Open Studio, a family-friendly, all-ages event where you can create your own art, discuss ideas, and watch artists at work in a welcoming, creative space. It's a great opportunity to connect with the community and share in the joy of art."
Circle Time for Toddlers,Every Wednesday,10:30 AM,,11:30 AM,Autauga-Prattville Public Library,"254 Doster St Prattville, AL 36067",,(334) 365-3396,https://appl.info,,"Circle Time, crafts and activities are designed for children ages 18mo – 3years. Siblings are welcome."
Little Explorers,Every Wednesday,10:30 AM,,11:30 AM,Autauga-Prattville Public Library,"254 Doster St Prattville, AL 36067",,(334) 365-3396,https://appl.info,,"Come have fun with art, crafts and different activities at the Marbury Library! This fun activity time is designed for children ages 2 – 6 years. Siblings are welcome!"
Friends n Kin Board Game Night,Every First Wednesday,5:00 PM,,10:00 PM,The Sanctuary,"432 S. Goldthwaite Street, Montgomery, AL 36104",,,https://linktr.ee/friends.n.kin1,,"Bring your authentic self for an inclusive night of board gaming -- solo, coupled, or with kids, we'll have a game for everyone... classics, Eurogames, cards, co-ops, legacy, and party games. Free event, snacks for sale, BYOB -- and donations much appreciated! Kids' games & movie available -- family-friendly atmosphere no matter what shape your family takes... you are welcome here!"
Classes with Anthony Ezell,Every Wednesday & Thursday,6:00 PM,,8:00 PM,Armory Learning Arts Center,"1018 Madison Avenue, Montgomery, AL",,(334) 625-2581,https://experiencemontgomeryal.org/event/classes-with-anthony-ezell/2525,$75 per month,
STEAM Team,Every Thursday,4:00 PM,,5:00 PM,Autauga-Prattville Public Library,"254 Doster St Prattville, AL 36067",,(334) 365-3396,https://appl.info/events/month/2026-05,,This program is for children ages 7 – 12 years. Activities are designed for children in the 3rd – 5th grades.
Food Trucks at Common Bond,Every Thursday,5:00 PM,,8:00 PM,"Common Bond Brewers, LLC 424 Bibb Street, Suite 150 Montgomery, AL 36104","424 Bibb Street, Suite 150, Montgomery, AL 36104",,,https://experiencemontgomeryal.org/event/food-trucks-at-common-bond/1456,,"Funky Forte Food Truck will be at the CBB Taproom serving burgers, wraps, sandwiches, and fries alongside Common Bond beer, with Thirsty Thursday specials adding to the fun. Join in for great food, drinks, and good times, and catch them again next Thursday at the same spot."
Trivia Night at Eddy's,Every Thursday,7:00 PM,,9:00 PM,Montgomery Whitewater,"1100 Maxell Boulevard, Montgomery, AL 36104",info@montgomerywhitewater.com,(334) 746-6530,https://montgomerywhitewater.com/upcoming-events/trivia-night-at-eddys,,"Join us for a fun-filled night of trivia, drinks, and great prizes at Montgomery Whitewater! Bring friends and family for laughter, competition, and themed nights—there's something for everyone."
"Montgomery's Art, Eats & Beats",Every Third Thursday,4:00 PM,,8:00 PM,,,,,https://www.montgomeryal.gov/Home/Components/News/News/4647/16,,"Main Street Montgomery launches Art, Eats & Beats, a free monthly event on the third Friday, offering art, live music, food, and family-friendly fun throughout the entertainment district from the Riverfront to S. Court Street. Guests can explore local art, enjoy special refreshments, and take advantage of exclusive deals from over two dozen participating businesses. For details and participating businesses, visit www.mainstreetmontgomery.org or the Art, Eats & Beats Facebook event page."
Baby Stay and Play,Every Friday,10:30 AM,,11:30 AM,Autauga-Prattville Public Library,"254 Doster St Prattville, AL 36067",,(334) 365-3396,https://appl.info,,"This song, story and play time is designed for babies newborn to 18 months. Siblings are welcome."
Meet Me,Every Friday,11:00 AM,,11:30 AM,Montgomery Museum of Fine Arts,"1 Museum Drive, Montgomery, AL 36117",,,,This program is free and open to the public.,"Meet us in the galleries for a captivating 30-minute talk where we explore details about one work in our permanent collection. Registration is not required. Upcoming Meet Me Schedule: May 1 at Columns at Philae May 8 at The Lover May 15 at Street in Tangier May 22 at Circus May 29 at Composition Around Red, Pennsylvania June 5 at George Washington June 12 at Voices of Silence June 26 at I, John Brown July 10 at Lost Americans July 17 at V4 July 24 at Georgia O'Keeffe July 31 at The Great American Pastime: The Negro Baseball League"
Live Acoustic Street Performance,Every Friday,8:00 PM,,9:00 PM,Corner of Tallapoosa and Commerce Street,,,,https://experiencemontgomeryal.org/event/live-acoustic-street-performance/339,,Free live acoustic set every Friday night at the corner of Tallapoosa and Commerce street in downtown! Come out anytime between 8p-9p and enjoy the beautiful music!!
Literary Road Trip,Every 1st Friday through July 2026,8:00 AM,,5:00 PM,Autauga-Prattville Public Library,"254 Doster St Prattville, AL 36067",,(334) 365-3396,https://appl.info,,"Adult patrons are invited to take a six-month literary road trip by reading seven books, each set in a different region of the United States. Complete the map by July 3, 2026, for a chance to win a grand prize or one of two runner-up prizes."
Beats And Eats Food Truck Fridays,Every 4th Friday (March through June),5:30 PM,,8:30 PM,,Spillway Park,,(334) 595-0850,https://prattvilleal.gov/departments/special-events/beats-and-eats,,"This event series is a collaboration of local food trucks and the raw talent of musicians in our community! Bringing together live music, a relaxed community atmosphere, and a curated lineup of food trucks."
Farmers Market at the Shoppes at EastChase,Every Saturday,7:00 AM,,12:00 PM,Shoppes at EastChase,"7274 EastChase Parkway, Montgomery, AL 36117",,,https://www.facebook.com/eastchase,,"Get ready to shop 'til you CROP! The annual EastChase Farmers Market is opening! The market will be located near Sephora and H&M. This year is going to be bigger and better than ever with all of your favorite vendors and some fun, new vendors! Shop 20+ Certified local vendors! The market has everything from produce and homemade jellies and jams to locally grown honey and the best boiled peanuts around! The market is held every Saturday their new location! This event is rain or shine."
Prattville Farmers Market,Every Saturday,7:00 AM,,12:00 PM,"203 West 4th Street, Prattville, AL 36067",,,,https://prattvilleal.gov/departments/special-events/prattville-farmers-market,,"The market will feature fresh, locally grown fruits and vegetables, along with local honey, homemade baked goods, jams, jellies, eggs, handmade bath and body products, plants, and more! The Prattville Farmers Market is conveniently located on Doster Road, just a few blocks off Main Street. The market is in the Grove across from Pratt Park, which makes it a wonderful place for a family outing."
2026 Nature School: SPRING SESSION,Every Saturday,9:00 AM,,11:00 AM,,"1100 Maxwell Blvd, Montgomery, Alabama 36104",info@montgomerywhitewater.com,(334) 746-6530,https://montgomerywhitewater.com/upcoming-events/nature-school,,"Nature School, presented by Max Credit Union, is a hands-on outdoor program where students explore local plants, animals, and ecosystems through activities, journaling, and collaborative games, fostering curiosity, confidence, and a lifelong connection to nature. Led by experienced instructors, small group classes emphasize observation, problem-solving, teamwork, and environmental stewardship, helping children grow while learning to care for the world around them."
Planetarium at Oak Park,Every Saturday,9AM,,2:30PM,W.A. Gayle Planetarium,"1010 Forest Avenue, Montgomery, AL 36106",,,https://www.montgomeryzoo.com/experiences/planetarium-at-oak-park,,"Exciting Shows Coming to the Planetarium. The W.A. Gayle Planetarium at Oak Park is excited to present an engaging lineup of shows. Visitors of all ages can experience breathtaking journeys through space and time with the following schedule. OPEN for GENERAL PUBLIC . Admission is $7.50 per person for ages 3 and up.Children under 3 years of age are admitted FREE. For more information or to schedule a group visit, please contact the planetarium at (334) 625-4799, gayleplanetarium@montgomeryal.gov or visit the Facebook page."
Military Appreciation Night,Every 1st Saturday of the Month,,,,Montgomery Biscuits Baseball,"200 Coosa Street, Montgomery, AL 36104",,,,,
River Region Bonsai (monthly meeting),Every 1st Saturday of the Month,9:00 AM,,11:00 AM,,"3295 Wetumpka Hwy, Montgomery, AL 36110",jkgarner@yahoo.com,(334) 233-0942,https://www.facebook.com/groups/riverregionbonsai/about,,"Our monthly meeting to discuss and learn the art of bonsai. All are welcome. If you have a bonsai, bring it for help. We offer workshops, instruction, fellowship and help. If you have been looking at bonsai but afraid to try your hand at it, then come. We want you to enjoy this ancient art form."
Montgomery Community Monthly Drum Circle,Every 1st Saturday of the Month,12:00 PM,,1:30 PM,The Sanctuary,"432 S. Goldthwaite Street, Montgomery, AL 36104",booking-sanctuary@jubileemgm.org,(310) 925-0801,https://www.facebook.com/mgm1communitydrumcircle,,"Join us for a joyful, inclusive Community Drum Circle! Hosted by Timikel Blakey Sharpe, this event welcomes all ages and skill levels to connect, create rhythms, and celebrate community. No experience needed—drums, sticks, and shakers provided, or bring your own. For more details, visit the Montgomery Community Drum Circle Facebook Page."
Sunday Brunch at Eddy's,Every Sunday,10:00 AM,,6:00 PM,Montgomery Whitewater,"1100 Maxwell Blvd, Montgomery, Alabama 36104",info@montgomerywhitewater.com,(334) 746-6530,https://montgomerywhitewater.com/upcoming-events/sunday-brunch,,"On Sunday, we brunch! Brunch is served from 10 am to 6 pm, with live patio music from 1 pm to 4 pm."
Old Cloverdale Spring Concert Series,Every Sunday,4:00 PM,,,Cloverdale Bottom Park,"3124 Cloverdale Road, Montgomery, AL 36106",,,https://www.facebook.com/CloverdaleIdlewild,,"Our Spring Concert Series kicks off. We hope you will spend your Spring Sunday afternoons with us in the park! Bring your chairs, picnic blankets, and coolers!"
Live Entertainment Calendar!,"Every Sunday, Friday, Saturday (May 2026)",6:00 PM,,9:00 PM,Itta Bena,"1801 Eddie L Tullis Road, Montgomery, AL 36117",,,https://ittabenadining.com/montgomery/menu,,Enjoy Live Music and Entertainment every Weekend by some of the River Regions best!.
BB King's Blues Club May Calendar!,"Every Sunday, Wednesday, Thursday, Friday, Saturday (through May 2026)",6:00 PM,,,BB Kings Blues Club,"1801 Eddie L Tullis Road, Montgomery, AL 36117",,,https://www.opentable.com/r/bb-kings-montgomery-montgomery,,"B.B. King's Blues Club in Montgomery combines live blues, soul, and rock with Southern comfort cuisine, from lip-smacking ribs to shrimp & grits, in a lively, family-friendly atmosphere. Enjoy unforgettable music, signature cocktails, and a venue perfect for both casual nights out and special occasions."
