advertiser,category,business,address,city,state,zip,phone,website,email,description
,Cakes/Finger Foods,Bruster's Ice Cream & Yogurt,"6835 Vaughn Road, 10684 Chantilly Pkwy",Montgomery,AL,36116,(334) 272.7369 or(334) 239-7004,https://brusters.com,,"Select from 8"" round cake or 9×12 cake Choose ice cream and one of the cake flavors. Pick a rich middle layer of fudge or caramel. All cakes are ""iced"" with fresh vanilla ice cream. We also have pies available."
,Cakes/Finger Foods,Cakeology,6250 Atlanta Hwy,Montgomery,AL,36117,(334) 647-1262,,cakeologyweets@yahoo.com,"We provide catering, cake shop, custom cakes, confectionary, bridal cakes, cupcakes, birthday cakes and Anniversary cakes."
,Cakes/Finger Foods,Crumbl Cookie,3012 Zelda Road 7736 Vaughn Road,Montgomery,AL,36106,(334) 523-0499 or (334) 230-7669,https://crumbl.com,,Bringing friends and family together over a box of the best cookies in the world! Our 170+ unique cookie flavors rotate weekly and are served in our famous pink box.
,Cakes/Finger Foods,Dairy Queen,6120 Atlanta Hwy and 3160 Taylor Road,Montgomery,AL,36117,(334) 244-9490 or (334) 272-1818,https://dairyqueen.com,,"8"" round, 10"" round, sheet cakes. Blizzard Cakes are 8 in"", 10 in"" and a sheet cake. All can be personalized at no additional charge."
,Cakes/Finger Foods,GiGi's Cupcakes,8141 Vaughn Road,Montgomery,AL,36116,(334) 356-3737,https://gigiscupcakesusa.com/montgomeryalabama,,Nothing makes a special day unforgettable like a custom cupcake or cake creation from Gigi's. Special selection offered every day of the week. You may order online at our website and pick up at the store or view our daily menu online.
,Cakes/Finger Foods,Great American Cookie Co. at Eastchase,7048 Eastchase Pkwy,Montgomery,AL,36117,(334) 356-8111,https://greatamericancookies.com,,"Choose from 16"" round, 16"" square and large Rectangular ."
,Cakes/Finger Foods,JoZettie's Cupcakes,1404 South Decatur Street and 2229 E. South Blvd.,Montgomery,AL,36104,(334) 239-9289 or (334) 676-1598,https://jozettiescupcakes.com,jzcupcakes@yahoo.com,"JoZettie's Cupcakes is please to offer a variety of cupcakes, cakes, cookies and pies for the holidays or your special occasion."
,Cakes/Finger Foods,Liger's Bakery,3040 McGehee Rd.,Montgomery,AL,36111,(334) 288-6550,https://ligersgood.com,,"Any flavor birthday cake, round or sheet, decorated with flowers, fruit, etc. Please call for flavors and pricing."
,Cakes/Finger Foods,Nothing But Bundt,7030 Eastchase Pkwy and 2582 Cobbs Ford Road,Montgomery and Prattville,AL,36117,(334) 956-6503 or (334) 568-1253,https://nothingbundtcakes.com,,"Select from 8"", 10"" and Tiered Bundt Cakes all crowned with our signature cream cheese frosting and perfect for all types of celebrations – birthdays, holidays, weddings, get togethers, office parties or just because!"
,Cakes/Finger Foods,Original Great American Cookie Co.,Eastdale Mall,Montgomery,AL,36117,(334) 271-1900,https://greatamericancookies.com,,"Up to 13 different varieties of cookies: 16"" round 16"" square and sheet cookie. Please call for prices."
,Entertainment,Big Green Bus,,Montgomery,AL,,(334) 324-4628,https://biggymbus.com,biggymbus@gmail.com,The Big Green Bus brings the party to you! The Big Green Bus is a school bus that has been converted into a safe and fun preschool gymnastics facility. Many elements of gymnastics are combined into one fun filled hour on board the Big Green Bus! The birthday child will receive a Big Green Bus shirt! Goody bags are included in the prices.
,Entertainment,DJ at Large,564 Oliver Road,Montgomery,AL,36117,(334) 260-9732,https://DJatLarge.com,dj@atlarge.com,"Offers a variety of music plus karaoke and light shows for your child's party. Video parties 12 ft. screens and popular videos. We can also provide the building for the party for an extra charge. Provides age appropriate music and will censor music to your discretion. Please call for pricing. ""We put you first."""
,Entertainment,Dynamite Magic & Balloons,,Montgomery,AL,,(334) 270-1234,https://dynamitemagicandballoons.com,,Helium tank rentals (varying prices and sizes). Yard Art and Balloon bouquet and decorations. Costumed characters available. Please visit our website to see the characters we have to offer.
,Entertainment,Kreative Moments,,Montgomery,AL,,(334) 233-4318,,kreativemomentsmgm@gmail.com,"Offering balloon twisting, face painting, and balloon art to make each event have that ""wow"" factor."
,Entertainment,Lil' Priss Parties,,Eclectic,AL,,(334) 226-6026,,,"We bring the party to you! Nerf Wars, Spa Parties, Princess Parties, Tea Parties, Tee Pee Sleep Over Parties and much, much more! Party packages for boys and girls. Please call for more details and pricing."
,Entertainment,Pretty and Pampered Bus,,Montgomery,AL,,(334) 402-3996,https://prettyandpamperedbus.com,,Pretty and Pampered Spa Bus for girls specially designed for young girls who love to get pampered and treated like a princess. Please visit our website to see our birthday party themes and details.
,Entertainment,Snapology,,Montgomery,AL,,(334) 325-4679,https://snapology.com/riverregion,,Have the best party ever with our Lego and Robotics themed birthday party. We bring the party to you. Sit back and enjoy the party while our facilitator sets up and conducts the activities. Please visit our website for more details.
,Equipment/Games Rentals,All about the Bounce,67 Penser Blvd,Millbrook,AL,36054,(334) 220-1555,https://getthebounce.com,,"We bring the bounce! Wide selection of inflatables for events, parties and more."
,Equipment/Games Rentals,Arrow Rents,5600 Calmar Dr.,Montgomery,AL,36116,(334) 277-0460,https://arrowrents.net,,"Tents, tables, chairs, carnival equipment, fans, and bounce rides. All sorts of themed decor, balloons, helium tanks, and more. Provide great selection and even better prices. ""Your one stop party shop."""
,Equipment/Games Rentals,Brendle Rentals,485 N. East Blvd.,Montgomery,AL,36117,(334) 279-7368,https://brendlerentals.com,natalie@brendlerentals.com,"Party supplies. Inflatables. Obstacle courses and other rides, carnival games, slide, bungee run, tents and train. We setup at City parks and provide insurance."
,Equipment/Games Rentals,The Evans Space Walker,2952 Birmingham Hwy.,Montgomery,AL,36108,(334) 612-7025,https://thespacewalker.com,,"Inflatable cinemas rental. We have a variety of moon walks, slides, games, slide combos, obstacle courses, characters and more… We also rent tables, tents, generators, chairs, balloons and concession machines. Indoor facility available."
,Equipment/Games Rentals,Inflatables of Montgomery,30 Handey Warehouse Rd.,Montgomery,AL,36117,(334) 398-0909,https://inflatablesofmontgomery.com,inflatablesofmontgomery@gmail.com,"Moonwalks, Giant slides, Interactive inflatable, Obstacle Courses, Rides, Rock-Climbing wall, and much, much more. Rentals for special events."
,Equipment/Games Rentals,Jump Around Inflatables of Montgomery,,,,,(334) 782-4631,https://jumparound.bouncerentalsolutions.com,,"We specialize in Inflatable Rentals, Bounce Castles, Waterslides, Popcorn machines, Cotton candy machines, Characters, Generators and more. We Bring the Fun to you!"
,Equipment/Games Rentals,Space Walk of Montgomery,,River Region,AL,,(334) 273-0204,https://herecomesfun.com/mtg,spacewalkmtg@herecomesfun.com,"What do you want to celebrate today? Setups for Birthday Parties, Daycare Events, Community/civic Events, School Carnivals and Sporting Events. We offer inflatable Space Walks, Water Slides, Obstacle Courses, Combos, Concessions and much more."
,Paper Goods/Decoration/Invitations,Arrow Rents,5600 Calmar Dr.,Montgomery,AL,36116,(334) 277-0463,https://arrowrents.net,,"All sorts of theme decor, balloons, helium tanks, and more. We provide a better selection. ""Your one stop party shop."""
,Paper Goods/Decoration/Invitations,Brendle Rentals,485 North Eastern Bypass,Montgomery,AL,36117,(334) 260-5568,https://brendlerentals.com,,"Montgomery's Oldest Party Supply Store. Balloons, piñatas, party goods. Large array of items for themed parties. Party favors and birthday bags now available."
,Paper Goods/Decoration/Invitations,Capital City Copy Shop,2701 Poplar St,Montgomery,AL,36107,(334) 230-9681,https://capitalcitycopyshop.com,,"Poplar St. Invitations printed. Printing, copying, pick up, delivery, fax services available."
,Paper Goods/Decoration/Invitations,Party City,2759 Eastern Blvd.,Montgomery,AL,36117,(334) 241-7664,https://partycity.com,,A one-stop party store that provides a wide selection of merchandise at everyday low prices. Discounts up to 50% off party ensembles.
,Paper Goods/Decoration/Invitations,Sunday Dinner,5455 Atlanta Hwy.,Montgomery,AL,36109,(334) 272-7000,,,"Plates, cups, chafing dishes, large quantity food items."
,Party Planners,Party on Purpose (POP),,Montgomery,AL,,(334) 600-2552,https://mypopevent.com,,"Party on Purpose is a locally owned, customizable event planning service focused on making your party truly unique! Choose from slumber parties complete with tents and lanterns, paint parties, POP Star Glam parties, tea parties and more. Multiple packages available and we bring everything to you!"
,Places to Party - Artistic,Abrakadoodle Art & Events,,Montgomery,AL,,(334) 265-5758,https://abrakadoodle.com/AL01,mcornwell@abrakadoodle.com,Instagram @Abrakadoodle_AL Creative art fun for your child for his/her birthday party. Everything Party is an Original. Painting parties and professional face painting available. Please visit our website for more information.
,Places to Party - Artistic,P'ZAZZ ART STUDIO,1812 Glynnwood Drive,Prattville,AL,36067,(334) 354-1975,https://pzazzart.com,,If you are looking for a unique place for a birthday party…then P'zazz is your place. Please call for pricing and party packages offered.
,Places to Party - Bowling,BAMA Lanes Inc,3020 Atlanta Hwy.,Montgomery,AL,36109,(334) 272-5423,https://bamalanes.com,,"Three packages to choose from. All pkgs. include 2 hour party, Full birthday party setup, shoe rental, bumpers, ice cream, soft drink, six children per lane. Please call for packages offered and pricing. Weekday, Weekend or Evening (subject to lane availability)"
,Places to Party - Bowling,"BAMA Lanes, Prattville",1714 East Main St.,Prattville,AL,36066,(334) 358-8600,https://bamalanesprattville.com,,Weekday Party Hours Monday-Thursday 10:30 – 3:30 and Friday 10:30 to 6 p.m. plus weekend parties. Various packages available.
,Places to Party - Bowling,Bowlero,1661 Eastern Blvd.,Montgomery,AL,36117,(334) 819-7171,https://bowlero.com,,Birthday party packages available. Please visit our website or call to build your birthday party package. Add-ons available and deposit required. Please call for more info.
,Places to Party - Cheer/Gymnastics/Dance,Armory Athletics,1018 Madison Avenue,Montgomery,AL,36104,(334) 625-2789,https://armoryathletics.com,,"Party Package available for up 10 children. One hour of gym time. We provide the fun! 2 - 6 foot tables will be provided for setup. Parents provide food, paper goods and party favors. Please call for pricing. 10 Party invitations. 30 minutes allowed for cleanup after party."
,Places to Party - Cheer/Gymnastics/Dance,Ballerina Birthday Parties at CJ's Dance Factory in Prattville,145 South Court Street,Prattville,AL,36067,(334) 467-8603,https://cjsdancefactory.com,,"CJ's Dance Factory in Prattville hosts Birthday Parties for children ages 3 and up. The two hour princess fairytale begins when you and your friends arrive. The Party set up includes the following: Table and chairs set up in the Polka Dot Party room, Dance studio area with music and mirrors, Our ""SugarPlum"" ballerina, up to 10 guests (more for an additional fee), Tutus for your guests ( to use for the party) and twirl in and a ballet class. $25 non-refundable deposit required."
,Places to Party - Cheer/Gymnastics/Dance,Big Green Bus,,Montgomery,AL,,(334) 324-4628,https://biggymbus.com,biggymbus@gmail.com,The Big Green Bus brings the party to you! The Big Green Bus is a school bus that has been converted into a safe and fun preschool gymnastics facility. Many elements of gymnastics are combined into one fun filled hour on board the Big Green Bus! The birthday child will receive a Big Green Bus shirt! Goody bags are included in the prices
,Places to Party - Cheer/Gymnastics/Dance,Montgomery Ballet,405 Coliseum Blvd.,Montgomery,AL,36109,(334) 721-3687,https://montgomeryballet.org,info@montgomeryballet.org,Parties hosted by Montgomery Ballet Professional Company Members. Have your very own Dance Class for you and your friends! Princess characters available! Call for details.
,Places to Party - Cheer/Gymnastics/Dance,Tonya Speed Dance,3370 Harrison Road,Montgomery,AL,36109,(334) 277-1098,,,We offer the best and most convenient venue for your child's themed birthday party. We will help you customize the party and make it perfect and memorable. Please call for themes and pricing.
,Places to Party - Cheer/Gymnastics/Dance,TuTu School Montgomery,2960 G Zelda Road,Montgomery,AL,36106,(334) 363-3360,https://tutuschoolmontgomery.com,twirl@tutuschoolmontgomery.com,"Perfect way to celebrate you little Swan or Sugar Plum Fairy. Each party provides a brief ballet class, a special birthday story featuring the guest of honor, a delicious cupcake picnic and delightful party favors. Please visit our website for themes and rates."
,Places to Party - Cheer/Gymnastics/Dance,United Gymstars,"6100 Brewbaker Blvd., off Troy Hwy.",Montgomery,AL,36116,(334) 284-2244,https://www.unitedgymstars.com,gym@unitedgymstarsandcheer.com,"Gymnastics, trampoline, recreational activities, supervised games, and birthday party room. We provide the facility and activities; you provide the cake, decorations and food. Please call for details and pricing."
,Places to Party - Martial Arts,Family Karate Center,"8159 Vaughn Rd., Pepper Tree Shopping Center",Montgomery,AL,36117,(334) 277-4911,,,Parties now available 7 days a week from 2 and up. Included in our parties are 2 hours of jam-packed fun. Please call for more information.
,Places to Party - Martial Arts,Fleming's Martial Arts,5521 Wares Ferry Road,Montgomery,AL,36117,(334) 277-5425,https://flemingsmartialarts.net,,
,Places to Party - Martial Arts,Johnson Karate & Fitness Academy,1751 Eastern Blvd.,Montgomery,AL,36117,(334) 284-2344,https://johnsonsmartialartsacademy.com,,1.5 hours of pure fun. You provide the food and we provide the fun. Please call for rates. One free lesson offered to each birthday guest.
,Places to Party - Martial Arts,"NextGen Martial Arts, Prattville",698 Old Farm Lane S,Prattville,AL,36066,(334) 590-3759,https://nextgenmartialarts.com,,"Parties are 1.5 hours. Options include: Nerf Wars, Dodge Ball and more. Karate fun and games. Parents provide paper products and cake and food. Call for pricing."
,Places to Party - Martial Arts,Tiger Park Taekwondo,3125 Bell Road,Montgomery,AL,36116,(334) 277-2627,https://tigerparktaekwondo.com,,"Come party with us! We provide the facility, demonstration, mini-taekwondo class and Birthday child gets to break a board. You provide food and cleanup. Please call them for information."
,Places to Party - Martial Arts,Tiger Rock Taekwondo,2750 Bell Rd.,Montgomery,AL,36117,(334) 277-2627,,,"Academy facility for 1.5 hours. 45-minute Martial Arts lesson taught by one of our certified instructors. Parties scheduled on Saturdays. Includes a martial arts class with basic skills and agility games. Parents supply party decoration, treats and eats. We supply the facility, entertainment and clean up. Let us help make your birthday party fun and easy"
,Places to Party - Miscellaneous,Adventure Sports Aquatic Center,1546 East Ann Street,Montgomery,AL,36107,(334) 269-3483,https://adventuresports2.com,,"Indoor or outdoor pools, kiddie pool, grilling and picnic area. Call for details."
,Places to Party - Miscellaneous,Antique Train Rides,"Located in Calera, 60 miles north of Montgomery",Calera,AL,35040,(205) 668-3435,https://hodrrm.org,,Party takes place in the restored Amtrak car. Includes an hour train ride through the woods and by the interstate. Parents can set up party in our restored Amtrak car. Kids can also look through the old railroad yard. Hostesses are available but parents supply food and supplies. Theme parties available (Thomas the Train…etc.)
,Places to Party - Miscellaneous,Auburn University Kid's Club,392 South Donahue Drive,Auburn,AL,36849,(334) 844-9526,https://auburntigers.com/kidsclub,,"Party with the Auburn tigers! Packages for Men's Basketball, Women's Basketball, Gymnastics, Baseball, Softball, Soccer, Swimming & Diving, Volleyball and Equestrian."
,Places to Party - Miscellaneous,Bell Road YMCA,2435 Bell Rd.,Montgomery,AL,36117,(334) 271-4343,https://ymcamontgomery.org,,Celebrate your party with us! Teen Center Gym Adventure Room Splash Pool Pre-School Parties Outdoor Pool Indoor Pool Goodtimes Water Park Please call for pricing for members and non-members.
,Places to Party - Miscellaneous,Chuck E Cheese,1116 Eastdale Mall,Montgomery,AL,36117,(334) 281-9290,https://chuckecheese.com,,A package to fit everybody and budget. Please visit our website for party packages available and to book a party.
,Places to Party - Miscellaneous,East Branch YMCA,3407 Pelzer Ave.,Montgomery,AL,36109,(334) 272.339,https://ymcamontgomery.org,,Parties for members. Indoor and outdoor pools. Outdoor pool includes slide and splash pool. YMCA provides lifeguards for party.
,Places to Party - Miscellaneous,FC Montgomery Soccer,5334 Atlanta Hwy,Montgomery,AL,36117,(334) 207-5442,https://fcmontgomery.com,brunomr@fcmontgomery.com,"We offer a broad spectrum of party opportunities and are very flexible because we are here to serve you and make your event special. Our parties can last 1 to 3 hours, and include fun sports games, races, and short sided games. You will have full use of our kitchen, fridges, and the dining area. If you want it to be super easy, put us in charge of setting up tables, ordering the cake, drinks, or lunch. Cost: $100 -$230 depending on hours. Add-ons are available for additional fees."
,Places to Party - Miscellaneous,Fun City Adventure Park,7861 Eastchase Pkwy,Montgomery,Al,36117,(334) 356-2024,https://funcitymontgomery.com,,Experience the endless joy at Fun City. Come explore our website and see the many party packages available.
,Places to Party - Miscellaneous,Great Wolf Lodge,150 Tom Hall Parkway,LaGrange,GA,30241,(844) 473-9653,https://greatwolf.com/georgia,,"Offering indoor water park fun and dry-land adventures for the entire family. Our resort near Atlanta features kid-friendly activities, dining options, an adult-friendly wine down service, and more all under one roof. Your stay includes access to the 93,000-sq. ft. water park's pools and slides, kept warm at 84-degrees year-round."
,Places to Party - Miscellaneous,Launch Trampoline Park,891 Boardroom Drive,Prattville,AL,36066,(334) 568-2041,https://launchtrampolinepark.com,,"Three fun packed packages to choose from. 2 hour and 30 min. All packages include 60 min. of launch fun, party room, gripper socks, drink, slice of pizza, special gift for birthday child and paper products. Please visit our website for more details."
,Places to Party - Miscellaneous,McWane Center,200 19th Street North,Birmingham,AL,35203,(205) 714-8369,https://mcwane.org,,"They do it all – cake, punch, ice cream, paper products and, if you like, goodie bags. If you want a special science demonstration while you celebrate, they can also provide that. Your group will party in one of the colorful party rooms, then take to the museum floor for a full day of hands-on science fun and discovery. Of course, you can also see a movie while there."
,Places to Party - Miscellaneous,Newtopia,3731 Malcolm Drive,Montgomery,AL,36116,(334) 356-4518,https://newtopiafunpark.com,,"Newtopia is an indoor playground facility designed for children to experience a fun, safe, and inclusive experience. With our party package you get 80 min. of playtime, 40 min. of party room time, organic juice and pizza for kids, one free pass for Birthday child, set up and clean up and much, much more. Parents provide cake, cutter and candles. No ice-cream or outside food."
,Places to Party - Miscellaneous,Prattville East YMCA,972 McQueen Smith Rd.,Prattville,AL,36066,(334) 358-9622,https://prattvilleymca.org,,"Party room for members and non-members. Pool rental for members. Party room has a 50% deposit and is $190.00 for non-members and $140 for members. This includes 1 ½ hours of entertainment, hostess, sheet cake, cups, plates, napkins, silverware for 15 children. Cost for each additional child is $2. Birthday child receives a free t-shirt. You provide ice, ice cream and drinks. Themed parties also available. Call for more details."
,Places to Party - Miscellaneous,Rock 'n Roll Pinball,815 South Railroad Avenue,Opelika,AL,36801,(334) 363-7625,https://rocknrollpinball.com,,"We are Family and Party Friendly. Amy Briggs will work with you to set up the most fun, economical, and easy party experience you will ever have. Contact akb0049@auburn.edu; 28 Modern, Classic and Vintage Pins, 2 Multicade Video Arcades playing over 500 games, a golden tee game, drinks/snacks, private party room and more!"
,Places to Party - Miscellaneous,Skyzone Trampoline Park,5544 Atlanta Hwy.,Montgomery,AL,36117,(334) 239-2587,https://skyzone.com,,"The Ultimate trampoline park. Our birthday parties include: 1 hour of jump time and 45 minutes in our private party room. We provide pizza, drinks, plates, cups, utensils and napkins. You provide the cake and decorations. Three party packages offered to fit your needs. Please visit our website for more information."
,Places to Party - Miscellaneous,Splattered Woods Paintball,1371 Cantelou Road,Montgomery,AL,36108,(334) 612-9127,,,Mobile paintball supply sales and service. We host parties at your field or our location: Birthday Parties/Team Building/Youth Groups. We can build custom games to fit your needs. Friendly Christian sales and service.
,Places to Party - Miscellaneous,Top Golf,1111 24th St N,Birmingham,AL,35234,(205) 847-5757,,,"We host tons of birthday parties, corporate events, holiday parties, bachelor/bachelorette parties and special events. Somebody is always celebrating something. Please visit our website and click on the Parties/events link for individual party pricing."
,Places to Party - Outdoors,Montgomery Zoo,2301 Coliseum Parkway,Montgomery,AL,36110,(334) 240-4900,https://montgomeryzoo.com,,Birthday party packages offered on Saturday and Sunday's. Bring your guests and we will provide the rest. Please visit our website for Party Packages offered. Reservations required.
,Places to Party - Outdoors,YMCA Camp Chandler,"Wetumpka, on Lake Jordan 30 minutes from Montgomery",Wetumpka,AL,36092,(334) 229-0035,https://campchandler.org,,"Great birthday idea for kids 5 to 15. Ten child minimum. This three hour block of time includes 2-3 activities that you and your child choose, and starting or ending with meal served in the Dining Hall (if you choose the meal option). Parents may bring cake and ice cream to be served with the meal. Cost with a meal: $21.00 per child (10 child minimum) Cost without a meal: $16.00 per child (10 child minimum) Please call for private party info."
,Places to Party - Parks,Millbrook Memorial Ctr & Village Green Park,On Main Street and Grandview,Millbrook,AL,36054,(334) 290-2047,https://cityofmillbrook.org,,"Incredible wooden playground with castle, space shuttle, boat, etc. We have picnic tables and picnic shelter. First come first serve. Memorial Center rents for $300 for a one day rental + a $100 security deposit which can be returned upon inspection of facilities and return of the key. Handicap accessible facility."
,Places to Party - Parks,Montgomery City Parks,,Montgomery,AL,,(334) 241-2300,https://montgomeryal.gov,,"Call to reserve picnic shelters all day for Lagoon Park, Buddy Watson Park, Ida Belle Young Park, Oak Park, Gateway and AUM Park. Make shelter reservations as early as possible. Pete Peterson Lodge in Lagoon Park is also available for rent and is air conditioned and heated. Gateway Lodge is available during the week and on the weekend. Gateway has a caterer's kitchen. This books fast so call early. Please call Parks and Recreation for pricing and more information."
,Places to Party - Parks,Prattville Parks,,Prattville,AL,,(334) 595-0800,https://www.prattvilleal.gov,,"City park shelters are $25 for 4 hrs. & $50 for 8 hrs. The Doster Community Center offers Auditorium, Dining Room and Kitchen, and just kitchen. Upper Kingston Community Center offers large room with capacity of 100. Please call Department of Leisure Services to reserve."
,Places to Party - Parks,Wetumpka Parks,,Wetumpka,AL,,(334) 567-5147,https://cityofwetumpka.com,,"Gold Star Park (no rental fee if available), Jeanette Barrett Civic Room in Gold Star Park, Martin Luther King Recreation Center, Civic Center in Wetumpka, large room with kitchen. Rates vary on day and hours. Please call for more information. Call 567.3002 for details about Fort Toulouse/Jackson Park, off US 231, Wetumpka 165-acre park area includes nature trails, campgrounds, picnic pavilion, museum, boat launch, and fort. Would be a great place for either a Pocahontas Party or a Wild West Party. Wetumpka Splash Pad, located at 200 Lancaster Street."
,Places to Party - Restaurants,Chick Fil A,All location,River Region,AL,,(334) 271-0104,https://chick-fil-a.com,,"Playground and reserved section. Kids meal and toy, ice cream and visit from Cow (mascot) on request. Please call your local Chik Fil A for pricing. Every child gets a balloon."
,Places to Party - Restaurants,McDonald's,All location,River Region,AL,,,https://mcdonalds.com,,"Call individual stores for cost and details. Most offer similar packages. Cost varies slightly. Includes a Ronald McDonald cake, hamburger kid's meal, ice cream, hostess, and party favors are supplied. Access to PlayLand after the party."
,Places to Party - Restaurants,Nancy's Italian Ice,7976 Vaughn Rd. (Sturbridge Shopping Center),Montgomery,AL,36116,(334) 356-1403,https://nancysice.com,,Ice and cupcakes available for purchase.
,Places to Party - Skating,2211 Ultimate Playzone,3541 McGehee Road,Montgomery,AL,36111,(334) 593-7180,https://2211ultimateplayzone.com,,It's party time at 2211 Ultimate Playzone! We have several packages to choose from. You may visit our website for more information on package details.
,Places to Party - Skating,Eastdale Mall Roller Palace,Eastdale Mall,Montgomery,AL,36117,(334) 277-2088,https://eastdale-mall.com,,Please call for details and pricing.
,Places to Party - Skating,Skatezone 2000,88 Red Eagle Parkway,Wetumpka,AL,36092,(334) 567-4434,,,Several party packages available. Call for details on pricing and options. We offer Laser tag parties.
,Printed Invitations,Capital City Copy Shop,2701 Poplar St.,Montgomery,AL,36107,(334) 230-9681,https://capitalcitycopyshop.com,,"Invitations printed. Printing, copying, pick up, delivery, fax services available."
,Printed Invitations,Creative Printing,2501 East Fifth Street,Montgomery,AL,36107,(334) 281-1315,https://creativeprinting.us.com,,Everything is custom made for that extra special birthday.
,Printed Invitations,Kwik Kopy Shop,4148 Carmichael Rd. and 448 South Lawrence Street,Montgomery,AL,36106,(334) 244-0444 or (334) 262-8000,https://kwikkopyshop.com,,"Print custom invitations. Wide variety of designer invitations for theme parties such as pool, slumber, tea, zoo, carousel, western, bowling, skating, dancing, etc. 8 1/2 x 11 designed papers are available for you to do it yourself. Fast turn around."
,Printed Invitations,The Paper Lady,,Montgomery,AL,,(866) 481-4414,https://thepaperlady.net,donna@thepaperlady.net,"Specializing in reasonably priced invitations, birth announcements, calling cards, thank you notes and more. Also an authorized Sweet Pea Designs dealer."
,Unique Gifts for Kids and Adults,Alabama Shakespeare Festival Gift Shop,Blount Cultural Park,Montgomery,AL,36117,(334) 271-5358,https://asf.net,,"Theatre-related gifts. Open during performance hours, one hour prior to show and through intermission. Contact box office for show times."
,Unique Gifts for Kids and Adults,Barb's on Mulberry,1923 Mulberry Street,Montgomery,AL,36106,(334) 544-0303,https://barbsonmulberry.com,,Will personalize lots of gift items. Choose from a wide variety of unique and personalized gifts. Closed on Mondays. We now do birthday parties. Please call for more details!
,Unique Gifts for Kids and Adults,Embellish,8111 Vaughn Road,Montgomery,AL,36116,(334) 649-2022,https://preppymonogrammedgifts.com,,"Large selection of items to be monogrammed. Book bags, Scout bags, Brush Fire T-shirts, jewelry, tumblers and many, many more."
,Unique Gifts for Kids and Adults,Goat Hill Museum Store,located in Alabama's State Capitol Building,Montgomery,AL,36130,(334) 353-4969,,goathill@preserveala.org,"Civil War, Civil Rights- Books, Local Artwork, Toys, Collectibles, Ornaments, Music, Videos, Cookbooks, Pottery, Souvenirs, and Unique Southern Gifts. Union Street Entrance. Open Mon.-Fri, 8:00 – 4:30 and Sat. from 9-4 (Sat. please enter through the Union St. entrance)."
,Unique Gifts for Kids and Adults,Heather Pierce Designs,,Montgomery,AL,36116,(334) 676-1807,https://heatherpiercedesigns.com,,"Heather Pierce Designs specializes in personalized gifts. We offer tile décor including tumbled marble coasters, trivets and magnets."
,Unique Gifts for Kids and Adults,Little Ladd's Embroidery,,Auburn,AL,,,,,"At Little Lad's, we specialize in embroidery for baby clothes and accessories, perfect for adding a personal touch to any wardrobe. From name and monograms, to sweet and timeless designs, each piece is made with care and attention to detail. Follow us on Instagram where you can find our creations and message us to order: @littleladdsembroidery."
,Unique Gifts for Kids and Adults,Montgomery Museum of Fine Arts Gift Shop,Blount Cultural Park,Montgomery,AL,36117,(334) 240-4337,https://mmfa.org,,You will find a wide assortment of unique gifts that are handcrafted by local artists for that special someone.
,Unique Gifts for Kids and Adults,Montgomery Zoo Gift Shop,"2301 Coliseum Parkway, Off the Northern Blvd.",Montgomery,AL,36110,(334) 240-4900,https://montgomeryzoo.com,,"Animal-related toys, shirts, masks, jewelry. Great gifts for the animal lover."
,Unique Gifts for Kids and Adults,Old Alabama Town Gift Shop,301 Columbus St.,Montgomery,AL,36104,(334) 240-4500,https://oldalabamatown.com,,Regional and old-fashioned gift items.
,Unique Gifts for Kids and Adults,Periwinkles,8193 Vaughn Road,Montgomery,AL,36117,(334) 277-3570,,shop.periwinkle@gmail.com,Make your gift decisions from a large selection of popular items in our store.
,Unique Gifts for Kids and Adults,The Shoppes at My Kids Attic,401 Coliseum Blvd. Eastbrook Shopping Center,Montgomery,AL,36109,(334) 270-1456,mykidsattic.biz,,"We offer something for the everything in your life. Specialty gifts, home décor, candles, jewelry, pewter, children's couture, vinyl and monogrammed gifts."
,Unique Gifts for Kids and Adults,Tucker Pecan Company,350 N McDonough St.,Montgomery,AL,36104,(334) 262-4470,https://tuckerpecan.com,,"Come by and visit us for a unique selection of gifts, tumblers, jewelry and more."
