advertiser,category,business,address,city,zip,phone,website,email,leadership,grade,mission,extracurricula,description,other
a,Independent,AIM Academy,530 Antioch Lane,Pike Road,36064,(334) 509-4225,https://youraimacademy.com,,"Hailey Morrow, Director",6 weeks of age to Pre-K and afterschool program and summer camp for ages 5 to 12.,,Dance and Gymnastics,,"Accreditation: Highly rated by the Alabama Department of Early Childhood Education, licensed by Alabama Department of Human Resources Curriculum: Creative Curriculum. The standards are integrated into each activity with an intentional focus on physical development, social-emotional skills, early mathematics, language, and literacy and STEAM (Science, Technology, Engineering, Arts and Mathematics). Pre-K: Class is led by a Birth to Kindergarten state certified teacher. Student progress is continuously assessed and evaluated on specific developmental milestones and objectives. Through observations and interactions, the assessment outcomes are utilized to further tailor or scaffold our daily lesson plans and activities for each child. AIM Academy Pre-K students build confidence, thrive as independent learners, and enter kindergarten well prepared for success."
a,Independent,Macon-East Academy,15396 Vaughn Road,Cecil,36013,(334) 277-6566,https://www.maconeast.net,,Headmaster: Glynn Lott,K3 – 12th,,"Athletics: Macon East Academy offers an outstanding athletic program for student-athletes, providing opportunities across a variety of sports, including baseball, basketball, cheerleading, football, softball, and volleyball. We proudly stand as the only school in the area that allows student athletes to participate in both cheer and volleyball at the same time. Our elementary students are active in the HOOPS league for basketball, covering grades 2 - 6. Flag football is available for grades 1 – 3 and Pee Wee Football is for grades 4 – 6. Our elementary cheer program serves students from K3 - 6th grade. Macon East has won numerous regional and state championships, and many of our student athletes have gone on to compete at the collegiate level. Clubs: Student Government Association, National Honor Society and National Junior Honor Society, Mu Alpha Theta Mathematics Honor Society, International Thespian Honor Society, Fellowship of Christian Students, Drama Club, Chess Club, Camelot Club, Photography Club, and Yearbook. Lower school students participate in Knights for Christ bible study after school biweekly and Green Teams.","Founded: 1995 Religious Affiliation: Christian-based, non-denominational. Music classes offered at the lower school level. Academic competitions include AISA Science Innovation Expo, AISA Visual Arts Competition, AISA math competition, AISA Performing Arts Competition and AISA Scholars' Bowl. Honors and Advanced Placement Classes: Biology, English, Art Technology: All Macon East students in Kindergarten through 12th grade are issued an Apple iPad for use during the school year. There are two computer labs on campus. Computer classes are taught at both the lower and upper school level. College Prep: The Macon East Academy curriculum stresses ACT preparation and college and career readiness. Dual enrollment classes are available at Macon East Academy through any college that offers partnerships to take allowed courses. ACT Prep is offered as an elective junior & senior year. Our college counselor provides year-round guidance and support for students and their families as they go through the college selection and application process.","Accreditation: Cognia/Southern Association of Colleges and Schools (SACS), Alabama Independent School Association (AISA), and the Southern Association of Colleges and Schools Teacher-student ratio: Preschool: 12; K-6th: 20; grades 7-12: 24 Tuition: Please call for rates. Uniforms are required for K5 – 12 graders Extended Daycare: Available for students enrolled in K3-6th grade, after-school care is held on campus and operated by Macon East Academy. Tutoring is also available for students during extended care. Mother's Day Out Program: 3- or 4-day option for 3- and 4-year-olds. Open House: Sunday, February 1 from 2-4 p.m. and Monday, February 2 at 4-6 p.m. You will have the unique opportunity to get to experience Macon East Academy in a personal and welcoming environment. Teachers, staff, and students will be on hand to answer any questions you may have. If you're wondering if Macon East is the right fit for your family, this is the ideal time to discover more."
a,Independent,River Region Academy,4240 Lomac Street,Montgomery,36106,(334) 262-0191,https://www.riverregionacademy.com,kris.white@riverregionacademy.com,Principal: Kris White,K-12; seniors have formal graduation ceremony,"The mission for River Region Academy is to provide a safe, personal, quality education where all students are engaged, encouraged, and empowered in learning and inspired to achieve their fullest potential. Our vision is for every student to become a critical and creative thinker, lifelong learner, and productive citizen.","Partnerships with homeschool organizations to provide support services (sports, clubs, enrichment, etc.)",,"Additional Info: River Region Academy is accredited by Cognia, formerly known as AdvancEd /SACS. By offering a low student-to-teacher ratio, 8:1, we can meet the educational needs of each student. We offer: Half Day Schedule: Grades K-5 (8:00-12:30) and Grades 6-12 (8:00-12:15). No school on Fridays after Christmas. We accept Alabama Accountability Act scholarships - SFK and AOSF, and the CHOOSE Act (education savings account plan). We have degreed teachers and offer a wide variety of on-campus and independent electives."
a,Independent,Saint James School,6010 Vaughn Road,Montgomery,36116,(334) 277.8033 Admisions Number: (334) 273-3021,https://admissions@stjmontgomery.org,admissions@stjmontgomery.org,Head of School: Dr. Larry McLemore Middle and High School Principal: Dr. Shelaine Taylor Elementary School Principal: Mrs. Andrea Harris,Pre-K2 through 12th,"Mission: Saint James is an independent, nonsectarian, college preparatory school with a student body broadly representative of college-bound students. We are committed to challenging and assisting students in realizing their individual potential and preparing them for lives of responsibility, service, and achievement. Educating the whole child has been the mission since 1955.","Sports: Trojan Athletics has 45 athletic teams, with 22 state and national championship, with eight 2024 graduates signed to play in college. Saint James produces three theater and eight grade-level productions each year and the award-winning band, choir, forensics, and visual arts students compete in state and national competitions annually. Saint James participates in four annual school-wide service projects, including school-wide Community Day. Educating the whole child has been our mission since 1955. Challenging academics, competitive athletics, and nationally recognized arts programs make Saint James School the most comprehensive education in the River Region.","Founded: 1955 College Preparatory Pre-K3 through 12th grade (including all-day and half-day Pre-K3 and Pre-K4 options). Advanced Placement, Honors, and advanced classes are offered in 27 areas, encompassing both middle and high school.","Other: Challenging academics, competitive athletics, and nationally recognized arts programs make Saint James School the most comprehensive education in the River Region. Graduates of STJ • have received more than $38.6 million in merit-based college scholarships over the past five years, including three students admitted to U.S. service academies. Saint James is proud to have two National Merit semifinalists in the class of 2026. Saint James graduates have been accepted to over 100 various colleges around the world and nine students were awarded the Global Seal of Bilteracy in 2025. Trojan Athletics has 45 athletic teams, with 22 state and national championship, with four 2025 graduates signed to play in college. Saint James produces three theater and eight grade-level productions each year and the award-winning band, choir, forensics, and visual arts students compete in state and national competitions annually. Saint James participates in four annual school-wide service projects, including school-wide Community Day. Educating the whole child has been our mission since 1955. Challenging academics, competitive athletics, and nationally recognized arts programs make Saint James School the most comprehensive education in the River Region. Saint James School is proud to support our military community and gratefully extends a 10% tuition discount to full-time, active U.S. service members. A multi-child discount is also available. Tuition (2025-2026): Complete tuition rates can be found online. Tuition (2024-2025): Complete tuition rates can be found online. • Pre-K2 $7,862 • Pre-K3 $11,092 • Pre-K4 $11,705 • K5 $13,206 • Grades 1-5 $17,356 • Grades 6-8 $18,503 • Grades 9-12 $19,123 Tuition Includes: Daily Lunch prepared in the Saint James Commons; Individually Assigned Technology Devices for All Students Grades 3 - 12 and Technology Fees for All Grades; All School Supplies for Pre-K2 through Eighth Grade*; Consumable Books for Pre-K2 through Eighth Grade; Day Field Trips for all grades; Fall School Pictures for all grades; Junior & Senior Class Fees; Most Middle School Textbooks; Parent Association (PA) Dues for each family; Student Admission to all Home Sporting Events; Iliad Yearbook for all students."
a,Independent,The Montgomery Academy,Upper School (Grades 6-12) 3240 Vaughn Road Lower School (Grades K-5) 1550 Perry Hill Road,Montgomery,36106,(334) 272-8210,https://www.montgomeryacademy.org,admissions@montgomeryacademy.org,Head of School: John McWilliams Director of Admissions: Rachael Gallagher,K - 12th,"Mission: The Montgomery Academy develops leaders committed to honor, scholarship, service and the pursuit of excellence.","Arts: Our Speech & Debate program is ranked in the top 1% in the nation and has won 18 state championships, more than any other public or private school in Alabama. Both Lower and Middle School Choruses have earned statewide accolades and have been invited to participate in festivals across the southeast. Our Upper School Chorus has earned superior ratings at district and state competitions. The black-box theater on the Vaughn Road campus is where students in grades 5-12 may participate in full-length productions during the year. Every student in grades K-4 participates in a performance each year. Student actors compete and are honored annually in the State Theater Festival. Our K-12 Visual Arts program submits pieces to exhibits across the River Region, the state and nationally, winning at every level. Athletics: Athletic teams at The Montgomery Academy have earned 82 state championships, more than any other public or private school in the River Region! Both our boys and girls athletic teams have achieved success. Eighty-three percent of Middle and Upper School students participate on one of our thirty-three athletic teams. Our students have also been honored over the years by receiving the Jimmy Hitchcock Memorial Award, the Jimmy Hitchcock Freshman Award, and Bryant-Jordan Scholar Athlete award. Several Academy student-athletes have gone on to participate at the collegiate level. Students in grades K-9 participate in physical education every day. Clubs: Students learn leadership skills both in and outside the classroom. Many participate in organizations like Student Council, Youth in Government, Mock Trial, Model UN, and various community service organizations. With numerous clubs offered in the Upper School, from cooking to coding, student government to STEM, there is something for every student's interest.","Curriculum: Our K-12 college preparatory curriculum seeks to educate the whole child by focusing not only on each child's academic development but also on their physical and social-emotional development. Beginning in ninth grade, our course offerings include twenty-three Advanced Placement sections offered in all core areas.","Other: Montgomery Academy students are recognized annually as National Merit Semifinalists and Finalists. Students have earned Advanced Placement Scholar Awards and have been recognized as AP Scholars, AP Scholars with Honor, AP Scholars with Distinction and as National Scholars. Open House: Join us for a Kindergarten Open House on January 29, 2026. RSVP online at montgomeryacademy.org/openhouse Our Kindergarten Preview, ""K-View"" allows families to experience a typical Kindergarten day. To schedule your K-View at a time that works for your family, visit www.montgomeryacademy.org/k-view. For our Grades 6-12 applicants, our shadow day experience pairs prospective applicants with a current student buddy for a day in the life at MA. Tours of both campuses are available at any time. Accreditation: The Montgomery Academy is a member of the National Association of Independent Schools (NAIS) and is jointly accredited by the COGNIA and the Southern Association of Independent Schools. The Academy is also a member of The College Board, Educational Records Bureau, School Scholarship Service, Southern Association for College Admission Counseling, the Association of Independent School Admission Professionals, National Association for College Admission Counseling, Cum Laude Society, and the National, Southern, and Alabama Associations of Independent Schools. Tuition: The tuition package at the Academy includes the enrollment deposit, admission to all home athletic events, a hot nutritious lunch, snacks in grades K-6, most extracurricular and athletic team fees, a yearbook and all technology fees. The Academy does not charge new family fees or building fees. Please visit our website www.montgomeryacademy.org or call the Admissions Office (334) 273-7155 for more information on tuition, TailorMAde Tuition, and our scholarship opportunities, including Renaissance Scholarship, the Hanson Luquire Memorial Scholarship, and the Pursuit of Excellence Scholarships."
,Independent,Alabama School of Math and Science,1255 Dauphin Street,Mobile,36604,(251) 441-2100,https://asms.net,admissions@asms.net,Dr. John Hoyle,9th - 12th,"Mission Statement: The Alabama School of Mathematics and Science's mission is to provide academically motivated Alabama students with exceptional preparation in the fields of math, science,computer science and the humanities, empowering them to improve their community, state, and nation.","Sports: Girls/boys basketball, Track and Field, tennis, soccer and girls volleyball and cheer. Arts:Choir and band. Over 35 clubs on campus (Key Club, Allies, Anime, Black Student Union, Environmental Science Club, Cooking Club, Future Business Leaders of America, Chess Team, Future Engineers' Club, Yearbook, German Club, Off the Leash, IGNITE, IMPACT, Lab of Learning, HOSA, Heroes of Health, Red Cross Club, Techalliance, Origami Club, Movie Club, Scholars Bowl, Weightlifting Club, Women of the World, Multicultural Student Union, Swing Dance Club, Ultimate Frisbee. Other: Debate team, Robotics team, Mathematics team, CyberPatriots Team, Science Olympiad & SGA.",,"Requirements: Application and Interview Application Deadline: Priority consideration if given to those applications submitted by February 15, 2024. Applications are accepted and processed through July. Accreditation through COGNIA Tuition, room and board are free."
,Independent,Autauga Academy,497 Golson Rd.,Prattville,36067,(334) 365-4343,https://autaugaacademy.com,generals@autaugaacademy.com,Headmaster: Jeremy Carter,K3 through 12th,"Our mission is to ensure a quality education for traditional students, provide a family environment that embodies Christian values, with small classes, a qualified faculty, and a fully accredited academic program, ensure post-secondary success by offering a general and college preparatory curriculum.","Sports: Football, basketball, track, cheerleading, baseball, soccer, golf, softball & volleyball Clubs: Beta, Science, Math, Yearbook, SGA, FCA, computer and School Newspaper.",Founded: 1969 Religious Affiliation: None Curriculum: College Prep,Testing Requirements: Entrance/admission exam Registration Deadline: Now accepting applications Accreditation: AISA and COGNIA (formerly known as AdvancED) Tuition: Please call for rates. Extended Care Fees: Call for additional information.
,Independent,Avalon Montessori,395 Ray Thorington Thorington Rd,Montgomery,36117,(334) 593-1462,https://avalonmontessorimgm.com,sonia@avalonmontessorimg.com,Director of School - Sonia Chaudhuri,6 weeks to 6 years old (Kindergarten/Montessori age-appropriate academic program),"Our Mission is to nurture creative, compassionate & confident children.",,,
,Independent,Edgewood Academy,"P.O. Box 160, 5475 Elmore Rd",Elmore,36025,(334) 567-5102,https://www.edgewoodacademy.org,,Headmaster: Susan Barner,K3-12th,"We provide students with a comprehensive college preparatory education in a safe and supportive environment, preparing students for a future of lifelong learning and productive citizenship..","Sports: Football, basketball, baseball, softball, volleyball, cheerleading, peewee cheerleading, Golf, track & field and Pee-Wee/Termite football. Clubs: National Honor Society, Spanish National Honor Society, SGA, FCA, Spanish, Youth in Government, Drama, Beta, Accounting Team, First Priority, and Math Team.","Curriculum: Offers 2 diplomas - standard, dual enrollment; including advanced placement courses.","Testing Requirement: Admissions test & evaluation of scholastic record Registration deadline: Applications accepted all year; testing begins January on a first-come, first-serve basis. Accreditation: AISA since 1974 and COGNIA (formerly known as AdvancED), NCPSA and CITA Tuition: Please visit our website or call the school for tuition rates."
,Independent,Hooper Academy,380 Fischer Rd.,Hope Hull,36043,(334) 288-5980,https://www.hooperacademy.org,,Headmaster: Darryl Free,K5 through 12th,"To provide a balanced and quality curriculum, which allows each student the opportunity to achieve full potential and maximize mental, physical, social, emotional, and spiritual growth. Students will be provided opportunities to develop self-confidence through knowledge, applied skills, and desirable character traits acquired in a sound academic environment.","Sports: Include football (grades 2nd-12th), volleyball, boys and girls basketball, baseball, track, softball, and cheerleading. Clubs: National Elementary Honor Society, National Junior Honor Society, National Honor Society, Science Club, Student Government Association, Spanish Club, Performing Arts, Yearbook/Journalism, and FCA","Founded: 1970 Religious Affiliation: Non –secular Curriculum: Advanced and standard diplomas, K5-6th - ABEKA","Registration Deadline: Based on availability. Accreditation: Southern Association of Colleges and Schools, Alabama Independent School Association, Alabama Association of Independent Schools Extended care program available. Licensed Day Care program available on campus. Tuition: K-12, Call for rates."
,Independent,Lowndes Academy,P. O. Box 99 215 South Broad Street,Lowndsboro,36752,(334) 278-3366,https://www.lowndesacademy.org,lowndesacademy@yahoo.com,Headmaster: Barry Mohun,K3-12th,,"Sports: Football (Pee-Wee, Jr. High & Varsity), Girls Volleyball, Baseball, Softball, Basketball, and Cheerleading Clubs: Beta Club, FCA, SGA, ACE, Key Club, Spanish and Mathematics",Curriculum: Elementary A Beka; college prep,"Testing Requirements: None Registration deadline: Open Accreditation: AISA; COGNIA (formerly known at AdvancED) Other: After school care, music, dance, gymnastics, piano, yearbook staff. Annual Deer Hunt for school fundraiser. Tuition: Please visit website or call for more info."
,Independent,Montessori Academy,1025 South Hull Street,Montgomery,36104,(334) 262-8685,https://www.Montessorimontgomery.com,montgomery.montessori@gmail.com,Administrator: Erin Kilgore,12 months through Kindergarten/Montessori age-appropriate academic program,,"Sports & Clubs: Ballet, Spanish, and Tumbling","Founded: 1982 Curriculum: Montessori Curriculum- includes language, pre-reading, reading, math, science, history, art, and music (AMS affiliated).",Registration Deadline: Open as space permits. Testing Requirements: Personal interview Other: Celebrating 36 years of Quality Education for the Crucial Early Years. Lead Directresses are American Montessori Society Certified or International Montessori Council Certified teachers. Tuition: Please call for more information.
,Independent,Eastwood Christian School,1701 E. Trinity Blvd.,,,-334,,,,,,,,
,Independent,Montessori at Mulberry,2034 Clubview St,Montgomery,36106,(334) 265-7733,Facebook: Montessori at Mulberry,montessori.mulberry@gmail.com,Director: Terri Jackson,12 months through Kindergarten,,,"Curriculum: Each child is encouraged to reach his/her full potential in all areas of life. The specific needs of individual children are met at each developmental level. Our curriculum, which is challenging, interdisciplinary and real world related, provides a strong academic bridge to elementary school.",Registration Deadline: Open as space permits. Testing Requirements: Personal interview. Tuition: Please call for more information.
,Independent,Montessori School at Hampstead,"5251 Hampstead High Street, Suite #111",Montgomery,36116,(334) 356-1969,https://MSHMontgomery.org,hos@mshmontgomery.org,"Melanie Morrison, Head of School",12 months – Kindergarten,,"Other: On-site educational farm with school garden, music, library, Jungle Jim, Dance with Alabama Dance Theatre, Raspberry Chess Academy and soccer with Phoenix Soccer Club.",Founded: 2011 Curriculum: Montessori,Accreditation & Affiliations: Affiliated with AMS (American Montessori Society) and IMC Religious Affiliation: Interdenominational Registration Deadline: Rolling Open House: We schedule school tours for 9:00am or 11:00am on school days by appointment Testing Requirements: Parents required to tour (when geographically possible) and allow for an onsite visit/observation for their child in the classroom Tuition: $100 non-refundable application fee; program fees and costs can vary based on program options selected so please contact the office for details.
,Protestant,Success Unlimited Academy,"2328 Fairlane Dr., Montgomery (9th-12th grades, Night School & tutoring) 4500 Vaughn Road, Montgomery (K4-8th grades)",Montgomery,36116,(334) 213-0803,https://www.suacademy.com,,"Headmaster: Susan Alred, M.Ed. Lead Principal: Lauren Morgan, M.Ed.",K4-12th,"SUA provides a safe and encouraging environment where students feel accepted and are challenged by educational excellence, instilled with loyalty to our country, and developed through spiritual growth. We believe all students can be a success through Christ who strengthens them.","Athletic Affiliation - AISA and ACAA, Boys - Football, Basketball and Baseball; Girls - Volleyball, Basketball, Softball and Cheer Clubs: Studio Art, Drama, Chosen Generation Praise Band, SUA Singers, SHINE Choir,Media Team, Math Club, SGA, H2O Club, Key Club, P.E.A.R.L.S. Club and Yearbook Club.",Founded: 2000 Religious Affiliation: Christian Curriculum: State of Alabama approved standards/requirements,"Registration Deadline: OpenTesting Requirements: Consultations and Evaluations provided at time of enrollment. Accreditation: COGNIA (formerly known as AdvancED) 2022 Cognia School of Distinction, and AISA Blue Ribbon School Other: SUA offers flexible academic schedules that include day school, Night School and Distance Education Tutoring is available Monday-Thursday at our Fairlane Drive Campus. Tuition: Please call for tuition information Uniforms Required Social Media: Facebook & Instagram"
a,Protestant,Alabama Christian Academy,4700 Wares Ferry Rd,Montgomery,36109,(334) 277-1985,https://www.alabamachristian.org,,Head of School: Josh Roberts,K3 through 12th,,"Sports: Football, Basketball, Baseball, Softball, Volleyball, Track, Soccer, Golf, Tennis, Bass Fishing, Cheerleading, Swimming, Cross Country Clubs: Key Club, National Honor Society (Lower School and Upper School), FCA, SGA, Math, Drama, Chorus, Band, Color Guard, Theatre, Scholars Bowl, Pep Club, Spanish National Honor Society, FCS, Bass Fishing Team, Capture Club.",Founded: 1942 Religious Affiliation: Church of Christ Curriculum: College Prep,"Testing Requirements: Evaluation of scholastic record, standardized test scores, and placement tests.Open House: January 13, 2025. Registration Deadline: Open Accreditation: COGNIA (formerly known as AdvancED) Tuition: Please call for prices. Tuition breaks for multiple children. Uniforms Required."
a,Protestant,Evangel Christian Academy,3975 Vaughn Rd,Montgomery,36106,(334) 272-3882,https://www.ecalions.org,,Administrator: Bobby Johnson,K4 through 12th,"Evangel Christian Academy exists to be an extension of the Christian family in training and developing of Christian students for committed service to our Lord Jesus Christ. Through quality academic instruction, the impartation of Biblical values and providing activities designed to foster spiritual, academic, and social growth, ECA works to help each student reach their potential in Christ.","Sports: Football, basketball, baseball, softball, volleyball, track and cheerleading Clubs: SGA, FCA, Booster Club, National Junior Honor Society and National Honor Society, Praying Parents Drama, ACT Prep, Spanish, Speech, Creative Writing and over 30 more high school electives.","Founded: 1995 Curriculum: A BEKA, Bob Jones, Purposeful Design, ACSI, and McDougal Littell","Testing Requirements: Testing is required Registration Deadline: Open in February to all Accreditation: AISA (Blue Ribbon School), SACS-CASI and ACTS Tuition: Please call for tuition information. Uniforms required."
a,Protestant,Trinity Presbyterian School,1700 East Trinity Boulevard,Montgomery,36106,(334) 213-2100,https://www.trinitywildcats.com,admissions@trinitywildcats.com,Head of School: Mrs. Suzanne Satcher,K3 through 12th,"Trinity is Montgomery's foremost educational institution, binding academic excellence with Christian values. Trinity offers a challenging college-preparatory education, a rigorous academic program, committed educators, outstanding athletics, and a nurturing family environment. Educators at Trinity strike the perfect balance, encouraging students to strive for excellence while emphasizing Christ-like character above all else. ""The Trinity Experience"" produces leaders who possess mental, physical, and spiritual strength. One hundred percent of Trinity graduates are accepted to post-secondary institutions, with many attending some of the finest colleges in the nation. Offering the only full-time dance program at a Montgomery independent school, Trinity's award-winning fine arts program provides state-of-the-art areas for dance, choral, instrumental, visual arts, and speech. An athletic program with a long-standing tradition of championship-level teams, many Trinity athletes go on to play at the next level in several sports. Athletics play an integral part in Trinity's educational program, which is designed to develop the whole person—mind, body, and spirit..","Extra Curricular: Piano Lessons, Chess Club, Dance, Robotics Club, Key Club, Mathematics Club, Speech and Debate, Fellowship of Christian Athletes, Art Classes, Musical Theater, Taekwondo, Pickle Ball Club, French Club, Spanish Club, Bible Studies, Show Choir, Guitar, Band, Twirlers, and many more. Sports: Trinity fields 36 interscholastic sport teams, including football, volleyball, basketball, tennis, baseball, softball, golf, soccer, track, cross country, and swimming. Electives, Clubs and Activities: Film Studies, Robotics, CSI, Art, Band, Choral, Dance, Drama, Speech, Theatrical Design and Production, and much more.","Founded: 1970 Religious Affiliation: Christian Curriculum: Accelerated, College Prep","Registration deadline: Rolling Enrollment Open House: K3 and K4 Preschool, Tuesday, January 20, at 5:30 PM, and Kindergarten and Lower School, January 22, at 5:30 PM. Intended for families of prospective Lower School students, K3 - 5th grade. Accreditation: Trinity Presbyterian School holds dual accreditation from the Southern Association of Independent Schools (SAIS) and the Southern Association of Colleges and Schools (SACS). It holds membership in the Alabama Association of Independent Schools, The College Board, National Association for College Admission Counseling, Southern Association for College Admission Counseling, and the Coalition of Lighthouse Schools. Extended Care Program: Trinity offers an extended day through the Cat Quest program. This program is designed to be a true extension of the school day, providing more than just childcare. Cat Quest encourages students to learn and thrive in a relaxed and fun environment. Tuition: Please email rhall@trinitywildcats for more information and to learn about Grace-Based Tuition. Uniforms Required."
,Protestant,AIM Academy,7469 Georgia Road,Wetumpka,36092,(334) 478-3888,https://adullamhouseca.org,ahca@adullamhouse.org,Headmaster: Ben Nobles,Preschool-12th,"The objective of AHCA is to provide a nurturing, Godly environment where children can reach his/her full potential. It is our desire to teach our children integrity and high standards of conduct to equip them for success!","Sports: Cheerleading, Volleyball, Basketball Clubs: Elective classes offered in Art, Computer and Music. Dual Enrollment with Central Alabama Community College",Religious Affiliation: Non Denominational. Curriculum: Abeka,"Testing Requirements: 4th Grade and up, entry test required Registration Deadline: March Uniforms are required. Tuition: Please call for rates."
,Protestant,Bethany Christian Academy,1765 Highland Ave.,Montgomery,36107,(334) 264-2101,http://antp25.adventistschoolconnect.org,,Principle: Paula S. Blackwell,Kindergarten to 8th,"Testing Requirements: 4th Grade and up, entry test required Registration Deadline: March Uniforms are required. Tuition: Please call for rates","Sports: Volleyball, Cross Country, Track & Field, Basketball, Tennis and Soccer Clubs: Music, Global Missions trips, Environmental Camp, Computer and Pathfinders",Founded: 1899 Religious Affiliation: Seventh-day Adventist,"BCA holds accreditation with the Accrediting Association of Seventh-day Adventist School, Colleges and Universities, and the National Council for Private School Accreditation."
,Protestant,Calvary Christian Academy,3570 Bell Rd,Montgomery,36116,(334) 271-4200,https://ccawatchmen.com,cca.office@myyahoo.com,Principal: Constance Oliver,K-2 through 8th,,"Sports: Volleyball, Basketball and Cheerleading Clubs: Band, Choral, Fine arts and Computer Class",Founded November 1974 Independent Fundamental Baptist Abeka Curriculum,Interview required; possible testing required Registration begins in February AACS and ACEA-accredited Before and aftercare services are available Biblical integration in all subjects Summer Fun program Uniforms required K5-8th grade Reasonable tuition rates
,Protestant,Chapman Christian Academy,4711 Chapman Rd.,Millbrook,36054,(334) 285-5354,https://www.chapmanchristianacademy.com,,Principal: Jon Chapman,K4-12th,Providing a traditional education in the minimum amount of time. A Christian curriculum is used and a Christian world view is taught.,,"Founded: 1994 Religious Affiliation: Christian Curriculum: A Beka, Bob Jones and South Western Publishing Co.",Accreditation: National Association of Private Schools Testing Requirements: Grade level testing performed upon entry. Tuition: Competitively priced with other schools in the area. Please call for rates.
,Protestant,Eastwood Christian School,1701 E. Trinity Blvd,Montgomery,36106,(334) 272-8195,https://www.eastwoodschool.org,admin@eastwoodschool.org,"Head of School: Joel R. Bius, Ph.D.",K4 - 12th,Offers classical approach to Christian education with a biblical worldview dominating all subjects. 7:30 a.m. - 2:00 p.m. with extended study hall and enrichment options until 3:00 p.m.,"Sports: Basketball, volleyball, baseball, cross country, tennis and sporting clays. Clubs: Theatre, Beta Club, SGA, Mu Alpha Theta, Yearbook Staff, French Club, and Spanish Club","Founded: 1996 Religious Affiliation: Presbyterian; Westminster Confession of Faith Curriculum: Lower school/ Open Court Phonics and Reading; Houghton Mifflin Harcourt Math; The Grammar of Spelling; Rod and Staff Grammar; Bible, Veritas History, Purposeful Design Science and Zaner-Bloser Handwriting; Upper school/ Varied Classical Christian, Latin, Formal Logic and Rhetoric","Testing Requirements: Placement test/interview Open House is Jan. 8th at 6:30 p.m. in the sanctuary of Eastwood Presbyterian Church, 1701 E. Trinity Blvd. Registration: Early Registration is January 8, 2026. Waiting list registration is on Admissions page of website. Please call Head of School to schedule an appointment. Call for availability.Tuition: Please call for tuition prices. Uniforms required."
,Protestant,Montgomery Christian School,6610 Vaughn Road,Montgomery,36116,(334) 386-1749,https://www.montgomerychristianschool.org,info@montgomerychristianschool.org,Director: Pam McLemore Principal: Stephenie Price,Kindergarten K -5th,To provide an academically challenging Christian education to children in inner city Montgomery.,,"Curriculum: Singapore, Handwriting Without Tears, Purposeful Design, ABEKA, Houghton Mifflin and Positive Action for Christ.",Testing Requirements: K-5th grade Registration deadline: Open Accreditation: ACSI Tuition: Based on family income and the number of children in the family Uniforms required.
,Protestant,New Hope Academy,301 Water Street,Prattville,36067,(334) 361-9505,https://www.newhope4kids.com,haileymorrow@newhope4kids.com,"Principal: Tina Halbert, M.Ed., NBCT",K-12th,"New Hope Academy provides innovative programs and teaching strategies in a supportive environment. Our curriculum is designed to improve students' academic and social skills, which leads to a better quality of life opportunity. Our instructors help students overcome challenges through structured classwork and individual attention.",,"Curriculum: We serve students with individual learning differences, including learning disabilities, autism/Asperger's, ADD/ADHD, physical issues, etc… Our curriculum is individualized to each child's learning needs. Examples of curricula used include TouchMath, Handwriting Without Tears, Reading Mastery, Excel Math, Explode the Code and Spectrum Writing.",Testing Requirements: The director will test for academic levels upon acceptance to the school. Registration deadline: Enrollment is on a year-round basis Tuition: Please see website for more information
,Protestant,Prattville Christian Academy,322 Old Farm Lane North,Prattville,36066,(334) 285-0077,https://www.4pca.org,,"Head of School: Katie Furr, MBA","Pre K-2 through 12th. Enrollment: 700 Avg. Class Size: 12-25, depending on grade level and subject","Prattville Christian Academy is a non-denominational K2-12 school committed to providing a quality, Christ-centered education with an emphasis on life readiness. PCA is dedicated to providing academic excellence in a caring, Christian environment. Through personal example and individual relationships, PCA develops confident, independent thinkers who find purpose in the pursuit of life.","Sports: PCA is a member of the AHSAA and offers 13 competitive sports programs for boys and girls that offer a connection with a small group of students with similar interests. Sports include football, volleyball, wrestling, basketball, softball, baseball, golf, track, tennis, cross-country, cheerleading, swimming, and soccer. Clubs: PCA has more than 20 extracurricular options for students of all ages to find activities that interest them. These activities include school ambassadors, art, drama, Science Olympiad, Model UN, student government, honor societies, photography and many others","Founded: 1997 Religious Affiliation: Christian Curriculum: PCA offers a 1:1 digital learning environment with a focus on preparing Christian leaders for life. Honors, advanced placement and onsite dual enrollment classes are offered along with a Healthcare and Engineering Academy as well as a Sports Medicine internship. PCA also offers a gifted program for students in grades 1-5 and a resource center which provides academic support to students outside of the regular classroom during the school day in an effort to reduce the time students spend tutoring outside of school hours.","Registration Deadline: None, applications accepted throughout the year. Virtual campus tours available online. Physical tours by appointment only. Accreditation: Prattville Christian Academy is accredited by the National Christian School Association (NCSA) and COGNIA (formerly known as AdvancED). Tuition: Tuition rates are available on the website and include textbooks for all students and school supplies for grades K2-5. Family discounts available. Uniforms required for grades 1-12."
,Protestant,"TEA Christian Academy (Talent Education & Art Christian Academy, Inc.)",2637 Eastern Blvd.,Montgomery,36117,(334) 517-1717,https://teachristianacademy.net,teachristianacademy1@gmail.com,"Principal: Dr. Maggie McElroy-Washington, Vice Principal Teacher: Bonnie Robinson",Grades: Pre K-12th; non traditional students,,"Activities/Clubs: Acting, Choir, Drum-Line, Debate, Student Government Associate, Dance Team, Modeling, sewing, Arts and Crafts,","Religious Affiliation: Generic Bible Base Teaching Curriculum: A-Beka and IXL Learning Platform, Dual Enrollment, Job Training, College Prep","Testing Requirement: IOWA Standardized Registration Deadline: Open enrollment. Must have a 3.20 GPA to enroll. Scholarships: Alabama Accountability Act Scholarship Funds Certified teachers, School Days are Monday-Thursday from 7:30 a.m. until 12:30 p.m., (after school tutorial) Open to the community: 3:30-6:00 p.m., Summer Enrichments, Credit Recovery.Tuition: Please call for tuition rates. Uniforms Required."
,Protestant,Valiant Cross Academy,301 Dexter Avenue (located inside of River City Church),Montgomery,36104,(334) 694-9200,https://www.Valiantcross.org,anthony@valiantcross.org,Head of School: Anthony Brock,6th grade - 12th grade,"Our mission, our purpose is to help raise young men up to be supernatural. Men who will learn from their youth, to let go of self, to let the Holy Spirit raise them to new heights. Courageous men, righteous men, committed men, loving men who will rise up to lead, to serve, to inspire. We will provide the armor to help them rise above. To rise above with Honor, with Discipline, with Integrity, with Excellence with Love.","Sports: Track, Football, Basketball, Baseball, Cross Country and Golf. We are part of AISA.",Founded: 2015 Religious Affiliation: Non-denominational Curriculum: Alabama College and Career Standards and Alabama Course of Study,Founded: 2015 Religious Affiliation: Non-denominational Curriculum: Alabama College and Career Standards and Alabama Course of Study
,Protestant,Victory Christian Academy,3151 Highway 14,Millbrook,36054,(334) 285-0211,https://www.vcamillbrook.com,,Administrator: Jill Pastorelli,K4 through 12th,"VCA is dedicated to providing an accredited education with a biblical worldview in order to develop a Christ-like, intellectually-equipped, community-focused, and well-rounded student. It is our goal to furnish requirements and standards that will exceed governmental standards of education.","Sports: Baseball, boys & girls basketball, girls volleyball, track and girls fast pitch softball. Clubs: Yearbook, Drama, HomeEc, Life Skills and Government",Founded: 1971 Religious Affiliation: Baptist Curriculum: A Beka and Bob Jones,"Testing requirements: Interview for admission. Registration deadline: Enrollment for new students is year round Accreditation: AACS and MSA-SCESS Other: After school care provided by daycare until 6 p.m., I pads and Chrome Books accessible to all students, Smart Boards available for classrooms.Tuition: Please check website for updated tuition.Uniforms req"
a,Roman Catholic,Montgomery Catholic Preparatory School,"St. Bede Elementary Campus 3850 Atlanta Highway, Montgomery, 36109 Holy Spirit Elementary Campus 8580 Vaughn Road, Montgomery, 36117 Middle School Campus 5350 Vaughn Rd, Montgomery, 36116 High School Campus 5350 Vaughn Rd, Montgomery, 36116",Montgomery,36116,St. Bede Campus (K3-6): (334) 272.3033 Holy Spirit Campus (K3-6): (334) 649.4404 Middle School (7-8): (334) 272.2465 High School (9-12): (334) 272.7220,https://www.montgomerycatholic.org,,Leadership: President: Justin Castanza Middle and High School Principal: Eileen Aaron Middle and High School Vice Principal: Dr. John Johnston Elementary Principal St. Bede Campus: Laurie Gulley Elementary Principal Holy Spirit Campus: Karen Lathram,"Saint Bede Campus (K3-6), Holy Spirit Campus (K3-6), Middle School Campus(7-8), and High School Campus (9-12).","We are the K3-12 regional Catholic school in Montgomery, and our 152-year history of educational excellence makes MCPS the oldest continuously running non-public K-12 school in the state of Alabama. We strive to help each of our students reach their God-given potential by offering the opportunity to grow in faith, with rigorous academics, and opportunities to perform both athletically and artistically.Sports: Cross country, football, flag football, volleyball, cheerleading, wrestling, indoor track, basketball, outdoor track, baseball, softball, golf, soccer, and tennis. Fine Arts: Beginning Band (grades 5-6), Concert Band, Marching Band, Jazz Band, Color Guard, Choir, and Drama.","Sports: Cross country, football, flag football, volleyball, cheerleading, wrestling, indoor track, basketball, outdoor track, baseball, softball, golf, soccer, and tennis. Fine Arts: Beginning Band (grades 5-6), Concert Band, Marching Band, Jazz Band, Color Guard, Choir, and Drama. Service and Clubs: VEX Robotics, Cyber Patriots, Campus Ministry, National Honor Society, Mu Alpha Theta, Key Club, Pro-Life Club, House Governance Council, Youth in Government, and Key Club. Students have service opportunities both on and off campus and through the Encounter program, helping them to share the Light of Christ in the community Summer Camps: Athletic, Art, MakerSpace, Band, Color Guard, Jr. Engineering, Drama, Math Camp","Founded: 1873 by the Sisters of Loretto. The oldest continuous non-public K-12 school in the state of Alabama. One of the reasons we have been around for 152 years, is because we value relationships. We want to get to know you and your student(s). This information is just the beginning. Visit us online to schedule a campus tour and learn how your child can become a part of the Montgomery Catholic family. Religious Affiliation: Roman Catholic, all campuses attend weekly Mass. Students of all faiths are welcome. Curriculum: Core classes for all grade levels include Math, Science, History, English, and Theology. Standard classes are college preparatory level. AP courses are offered in high school only, while honors courses are offered in both middle and high school.","Additional Info: Testing Requirements: Placement test (offered April, June, July, and August) Students in grades 10-12 participate in a one-to-one Apple laptop program. Daily tutorials offered after school (grades 7-12) Annual class retreats for middle and high school students. Fall and Spring retreats are offered for high school students. Tuition: Please visit montgomerycatholic.org for tuition rates. Multi-Child Discount is available. For families with 4 or more students, a tuition cap may be applicable. Please contact the Montgomery Catholic Business Office to discuss the tuition cap at (334) 272-7220. Rates are subject to change. Visit our website to schedule a private tour with Julie Emerson, Director of Admissions: (334) 318-3777 or jemerson@montgomerycatholic.org."
a,Roman Catholic,Resurrection Catholic School,2815 Forbes Dr.,Montgomery,36110,(334) 230-1970,https://rcmsouth.org,school@resurrection-missions.com,Principal: Dr. Teisha Pessoa,Preschool age Pre k 1& 2-8th,"Resurrection Catholic School is committed to continuing the Catholic tradition of providing an environment of academic excellence in which students can grow intellectually, spiritually, physically, and sociall","Clubs: Chess Club, Student Council, Male and Female Mentor Programs, Dance, STEM Club, Book Clubs, Home Economics, and Choir.","Religious Affiliation: Roman Catholic Curriculum: Basic; strong traditional skills core curriculum with extensive enrichment & acceleration. Religion classes required; technology emphasized; enrichment in arts & conversational Spanish; strong accelerated reading program in place. Hot breakfast and lunches, computer technology.","Testing Requirement: Placement Pre K 1 & 2 - 8 Registration deadline: Please call for dates. Accreditation: Advanced Ed. (Formerly known as SACS) Other: Google School, Acellus, Weekly Mass service, Public Speaking Readiness, AR Star Program, First Class Prek4 program and Summer Enrichment and Feeding Programs Tuition: Affordable; call for more information. Family discounts available. Uniforms"
,Homeschools,Classical Conversations,,,,,https://classicalconversations.com,mmoody@classicalconversations.com,Mandy Moody,,,,,
,Homeschools,Dayspring Academy/High School,,,,(334) 518-9181,https://www.dsacademy.org,dayspringacademy@yandex.com,Donna Mitchell,,,,,
,Homeschools,Evangel Christian Academy,,,,(334) 272-3882,https://www.evangelfamily.org,,Rachelle Whatley,,,,,A ministry of Evangel Temple
,Homeschools,Everest Academy,,,,(205) 433-9828,https://alabamahomeschooling.com,,Deb Spradlin,,,,,
,Homeschools,Ezekiel Academy,,,,(334) 315-0010,https://www.ezekielacademy.org,,Maretta Oswald,,,,,
,Homeschools,Huntington Learning Center,,,,(334) 277-9200,https://huntingtonhelps.com,,Christi Davis,,,,,One on one instruction in a specific course
,Homeschools,New Hope Academy,,,,(334) 361-9505,https://www.newhope4kids.com,,Tina Halbert,,,,,
,Homeschools,Outlook Academy,,,,(334) 290-0919,https://www.outlookacademy.com,info@outlookacademy.com,Carren Joye,,,,,Ministry of Tri County Community Church in Millbrook
,Homeschools,River Crest Academy,,,,(334) 398-2008,https://www.rivercrestacademy.com,,Tanya Murphy,,,,,
,Unique Learning Needs,Churchill Academy,3265 McGehee Road,Montgomery,36111,(334) 625-8252,https://churchillacademyinc.org/academics,,Director: Patsy Lockwood,K -12th,"Churchill Academy strives to define success individually within the structure of a supportive, nurturing environment, focusing on the uniqueness of the learners social, emotional, and academic needs; resulting in students demonstrating self-advocacy and reaching their full potential.""","Clubs/Activities/Programs: Track, Chess, Journalism, Scouts, Work Study, Academic tutoring, snapology, ACT administration, Test Prep, Individual Learning Programs, Dual collegiate enrollment, work study for credit, career exploration, vocational rehab, Easter Seals, Prom, Dances, MANE, family involved activities away from school and at school, and Churchill Academy Parent Association",,Registration: Begins January Entrance Requirements: Churchill conducts individualized assessments to determine students' strengths and areas of concern. Placement testing is given to lower and middle school students. The testing program is vital to starting students in classes and curriculum that best meets their needs. Accreditation: AISA and COGNIA (formerly known as AdvancED) Tuition: Please call for tuition prices. Scholarships available through Alabama Opportunity Scholarship Fund. Uniforms required
