advertiser,category,business,address,city,state,zip,phone,website,email,ages,description
a,Art/Music/Theater,Abrakadoodle Summer Art Camps,,Montgomery,AL,,(334) 265-5758,https://abrakadoodle.com/al-montgomery,mcornwell@abrakadoodle.com,Age 3-12 yrs.,"Abrakadoodle Art Camps offer process-based, imagination-driven art and STEAM experiences that blend creativity, confidence-building, and hands-on exploration in a high-quality art environment. Our camps stand out for small group engagement, experienced instructors, and a focus on creative thinking and skill-building for all ages and experience levels. Camp tuition includes all instruction, materials, and registration fees. Host sites and dates will be available on our website: https://www.abrakadoodle.com/al-montgomery-birmingham-register/ For interest in custom camp creation for small groups or partnership with larger summer programs, contact mcornwell.abrakadoodle@gmail.com."
a,Art/Music/Theater,Saint James School ART and STEM Camps,6010 Vaughn Road,Montgomery,AL,36116,(334) 277-8033,https://stjmontgomery.org,,Age varies by camp,"Color Wheel Camp: Rising 1st - 3rd Grade, Dates TBD Color Wheel Camp: Rising 4th - 6th Grade, Dates TBD STEM Camp: Rising 2nd - 5th Grade, Dates TBD Visit www.stjmontgomery.org for more information"
,Art/Music/Theater,Alabama Shakespeare Summer Camps,1 Festival Drive,Montgomery,AL,36117,(334) 271-5353,https://asf.net,,Ages varies by camp,"Summer Camps 2026: June 1-July 26. Registration is open. Don't miss these opportunities for theatre lovers — K – 12 and ADULT. Not only will campers have lots of fun in a theatre environment, they'll also come home and return to work, community, and school with the beneficial FIVE Cs: Creativity, Collaboration, Communication, Critical Thinking, and CONFIDENCE! 3 camp sessions for Rising K-6 graders and 3 sessions for Rising 7th-12th graders. Please visit our website for dates and registration information."
,Art/Music/Theater,Armory Learning Arts Center,1018 Madison Ave.,Montgomery,AL,36104,(334) 625-2787,https://funinmontgomery.com/recreation,,Age varies by camp,"Summer 2026 Classes have been updated on our webpage. Check out our new offerings We offer kids summer art classes, adult art classes, music, dance, fitness and acting classes."
,Art/Music/Theater,ASU Tonea Stewart's Performing Arts Camp,915 S. Jackson Street,Montgomery,AL,36106,(334) 229-6755,https://asutheatrecamps.com,,,"TAPS, May 26-June 6; Camp 3T, June 21-27 and Camp Gifted, June 15-19. Please visit asutheatrecamps.com for more details."
,Art/Music/Theater,Mixed Media Art Camps with Barb Grimes,1923 Mulberry Street,Montgomery,AL,36106,(334) 544-2233,,barb2shop@yahoo.com,Ages 3 and up,"BarbART classes at Barb's on Mulberry Tues , Wed , Thurs June 2, 3, 4 June 23, 24, 25 10 A.M. & 11 A.M. classes $20 Paint an 11 x 14 canvas Ages 3 and up BarbART Mixed media workshops At Barbs on Mulberry Tues, Wed, Thurs June 9, 10, 11 June 16, 17, 18 2 P.M. to 4 P.M. $135 For ages 7 and up Call or text Barb Grimes At 334-546-2233 to reserve your spot"
,Art/Music/Theater,P'zazz Art Studio,1812 Glynnwood Drive,Prattville,AL,36066,(334) 354-1975,https://pzazzart.com,,Age varies by camp,Variety of summer camps offered from June through July. Please visit our website for Art Camps and times.
,Art/Music/Theater,Pike Road Theatre Kids Production Camps,4710 Pike Rd,Pike Road,AL,36064,(334) 414-0193,https://pikeroadtheatrecompany.org,info@pikeroadtheatrecompany.org,Age varies by camp,"Youth Production Camp: Newsies Jr. June 1-13, 2026 from 9 A.M. -4 P.M. registration: https://PRTCNewsiesjrCamp.eventbrite.com Youth Production Camp: Willy Wonka KIDS July 23-August 1 from 9 A.M. -4 P.M. registration: https://PRTCWonkaKIDScamp.eventbrite.com Please visit our website for more details."
,Art/Music/Theater,Wetumpka Depot Theatre Summer Camps,300 South Main Street,Wetumpka,AL,36092,(334) 868-1440,https://wetumpkadepot.com,,Ages 8-15,The Wetumpka Depot Players will kick off summer programs from June-July. Enroll your students in a week-long summer program and various workshops. For dates and time contact kmeanor@wetumpkadepot.com after April 1st for more scheduling details.
,Biking,Fountain City BMX Track,802 County Road 4,Prattville,AL,36067,(334) 300-4328,https://www.fountaincitybmx.com,info@fountaincitybmx.com,,Tuesday and Friday Practices. Fun for any age. Race on most Sundays. For more information please visit us on Facebook under Fountain City BMX.
,Bowling,BAMA Lanes,3020 Atlanta Highway,Montgomery,AL,36109,(334) 272-5423,https://bamalanesusa.com,,,"EAT 'n' BOWL, while lane availability lasts, until 8 p.m. daily. (Includes 3 games, shoe rental, and meal). Prices vary upon day and time"
,Bowling,BAMA Lanes in Prattville,1734 East Main Street,Prattville,AL,36066,(334) 358-8600,https://bamalanesusa.com,,,"EAT 'n' BOWL, (includes 2 games, shoe rental, and meal) Prices and times vary upon day."
,Bowling,Bowlero,1661 Eastern Blvd.,Montgomery,AL,36117,(334) 819-7171,https://bowlero.com,,,Special summer deals. Please call for more information and weekend pricing.
a,Dance/Gymnastics/Cheer Camps,Alabama Dance Theatre,1018 Madison Avenue,Montgomery,AL,36104,(334) 625-2590,https://alabamadancetheatre.com,,Age varies by camp,"Summer Classes: June 29-July 23. The Alabama Dance Theatre will be offering summer classes in Classical Ballet (pre-ballet to the professional level), Modern, Jazz, Hip-Hop, Contemporary, Composition/Choreography and Broadway. Classes open to ages 3 and up. Tutus and Tiaras Camp: ages 3-8 on May 26-29 from 9:30-12:30. Classes will include pre-ballet, creative movement, crafts, and story time. Hip Hop Stars Camp: ages 7-11 on June 1-4 . Day Camps for dancer interested in Hip-Hop, Modern, African Dance and more. Summer Intensive: June 8-21. This two week intensive allows dancers to attend classes with master teachers. They will perform in the Stars on the Riverfront on June 20-21 at 7:30 P.M. Open to the public."
a,Dance/Gymnastics/Cheer Camps,Alabama River Region Ballet,7981 Vaughn Road,Montgomery,AL,36116,(334) 356-5460,https://alabamariverregionballet.com,riverregionballet@gmail.com,Age varies by camp,"Fairytale Ballet Camp: Sleeping Beauty, June 15-19 and Swan Lake, July 13-17. Register now for the most exciting event for young dancers, ages 3 – 7 years old! Each week, the dancers will learn about one fairytale ballet, meet the princess ballerina, and participate in themed crafts and activities. Summer Dance Camp, June 15-19 and July 13-17 from 1- 4 P.M.. Summer Intensive, June 1-5 and 8-12. Alabama River Region Ballet School is excited to offer a two-week Intensive Summer Seminar for intermediate and advanced students, ages 12 – 18 with a minimum one year of experience on pointe. Dancers will take daily classes in Ballet, Pointe, Variations, Jazz, Modern and Contemporary taught by some of the most talented guest artists and ARRB teachers. The Summer Intensive will include a repertory of classes that focuses on improving the dancers' technique, as well as the opportunity to learn new choreography, and choreography from the classical repertory. Please call for pricing."
a,Dance/Gymnastics/Cheer Camps,Tonya Speed's Dance Connection,3370 Harrison Rd,Montgomery,AL,36109,(334) 549-1098,Facebook: Tonya-Speeds-Dance-Connection,,Ages 3-13,"Summer Fun Dance Camps 8 weeks of Summer, all day camps for ages 3-13. Dance,, Music, Dress up days, Story telling, Crafts, Interactive games and more."
a,Dance/Gymnastics/Cheer Camps,United Gymstars & Cheer Camp,6100 Brewbaker Blvd.,Montgomery,AL,36116,(334) 284-2244,https://unitedgymstarsandcheer.com,,Age varies by camp,"8 week Summer Camp: Thursdays, June 1- July 24, Weekly themed activities, gymnastics, trampoline, rope climbing, crafts and more. Time: 7:30 A.M. to 4 P.M. Please bring a sack lunch. Call for rates."
,Dance/Gymnastics/Cheer Camps,Armory Athletics,1018 Madison Avenue,Montgomery,AL,36104,(334) 625-2789,https://armoryathletics.com,armoryathletics1@gmail.com,Ages 5-14,"Year round classes offered. Sports and recreation, swimming, arts & crafts, and educational field trips! Parents, please provide lunches, swim wear & towel, concession money, and socks and closed toed shoes for field trips."
,Dance/Gymnastics/Cheer Camps,C.J.'S Dance Factory (home of the Prattville Ballet),145 S. Court Street,Prattville,AL,36067,(334) 467-8603,https://cjsdancefactory.com,ballerinasrule@msn.com,Age varies by camp,"Princess Ballerina Camp: Thursdays, June 25-July 23, 2 P.M. Learn to dance like a princess! Taught by a real princess. Ages 3-9, $85. Power Tumble Camp: Thursdays, June 25-July 23 at 5:30 P.M. Learn gymnastics tumble technique and polish your tricks! $85. Ballet Technique/Pointe: Thursdays, June 25-July 23. Work on your ballet technique this summer with our Ballet Master, Stevan Grebel (Int/Adv. level) Bring pointe shoes. $85."
,Dance/Gymnastics/Cheer Camps,Lisa's Dance Dimensions,2981 Main St.,Millbrook,AL,36054,(334) 549-4378,https://lisasdancedimensions.com,,,Please visit our website for our Summer classes being offered. Classes will be running 7 weeks beginning in June . Day and Evening classes available.
,Dance/Gymnastics/Cheer Camps,Mann Dance Studio,422 Pratt St.,Prattville,AL,36067,(334) 365-5154,https://manndancestudio.net,,Age varies by camp,"Classes begin in June and will run through July. Classes will be offered for 6 years and up. These classes will be divided according to age. This is a combination class, which includes ballet, gym, jazz/hip hop."
,Dance/Gymnastics/Cheer Camps,Montgomery Ballet,440 Coliseum Blvd,Montgomery,AL,36109,(334) 409-0522,https://montgomeryballet.org,,Age varies by camp,"Advanced Summer Intensive Sessions: June 8-11 for ages 13+ with experience. Intermediate Level, June 15-18 for ages 7-12+. Beginner Level, June 22-July 25 for ages 3-6. Ballet Boot Camp: August 3-6. Advanced level from 9 A.M. until noon Beginner and Intermediate Level , ages 7-12+, from 1-4 P.M."
,Dance/Gymnastics/Cheer Camps,Next Dimensions Gymnastics,101 Penser Blvd.,Millbrook,AL,36054,(334) 549-4378,https://lisasdancedimensions.com,,Age varies by camp,Please visit our website for our Summer classes being offered. Classes will be running 7 weeks beginning in June . Day and Evening classes available.
,Dance/Gymnastics/Cheer Camps,Pike Road Dance Academy,232 West Elizabeth Lane,Pike Road,AL,36013,(334) 782-9200,https://pikeroaddance.com,pikeroaddance@gmail.com,Age varies by camp,"Flipping for ACRO Camp Who's flipping for summer? Come join us for a week full of tumbling and acro! Our acro camp focuses on strength, flexibility, tumbling skills, and acro technique! June 8-11th, $85 Beginner Level - 3-4 p.m. Int/Adv level - 4:30-6:30 p.m. **must have back walkover for the Int/Adv level"
,Dance/Gymnastics/Cheer Camps,Tutu School Montgomery,2960G Zelda Road,Montgomery,AL,36106,(334) 363-3360,https://tutuschool.com,,3-8 years,Fairy Finishing Camp: 4 days starting June 29-July 2 from 9 A.M. until 2 P.M. $260.00
a,Day Camps,Alabama Christian Academy Camp Eagle,4700 Wares Ferry Road,Montgomery,AL,36109,(334) 277-1985,https://acacampeagle.org,dsanford@alabamachristian.org,1st-5th Grade,Camp Eagle: May 26-July 31. Every day at Camp Eagle is filled with exciting activities - and LOTS of them!! Your child will be placed in age-appropriate groups and get to participate in recreational and team building activities. We would love for you to join us as we soar into a summer of fun!!
a,Day Camps,Alabama Christian Academy NEST,4700 Wares Ferry Road,Montgomery,AL,36109,(334) 277-1985,https://acacampeagle.org,dsanford@alabamachristian.org,K3-K5 Grades,NEST: May 26-July 31. We would love for you to join us as we soar into a summer of fun!! Please call for more information.
a,Day Camps,Connect Camp,1849 Perry Hill Road,Montgomery,AL,36106,,https://connectcamps.com/montgomery,,Ages: K-8th Grade,"Connect Camp: July 13-17. A remarkable day camp experience is coming back to the River Region! Non-stop fun and active play. Bible-based teachings, and new friends for the entire family. $264 all inclusive 5 day pricing."
a,Day Camps,Montgomery Academy Summer Camps,1550 Perry Hill Road,Montgomery,AL,36106,(334) 273-7170,https://montgomeryacademy.org/summer,,Age varies by camp,"Summer at The Montgomery Academy offers a variety of camp programs. With programs ranging from academic to athletics, coding to writing, crafts to fun and games, there is something for every child's interest! Explore our camp offerings, schedules and register online at montgomeryacademy.org/summer and get ready for an aMAzing summer! Fundamentals of Woodworking and Tool Safety: Grades 5-8, June 1-5 Minecraft A: Grades 3-6, June 1-5 Minecraft B: Grades 3-6, June 1-5 Lego Building Block A: Grades 3-6, June 9-1 Film Making: Grades 2-6, June 8-12 Lego Building Block B: Grades 2-3, June 9-11 Eagle Chess Camp: Grades 2-6, June 22-24 Eagle Chess Camp: Grades 7-12, July 6-8 Potter Camp A: Grades 1-3, July 6-8 Pottery Camp B: Grades 4-6, July 6-8 Beginning Sewing: Grades 1-5, July 13-17. For more information, please contact Jennie Kim Rains, Director of Auxiliary Programs and Civic Engagement at summer@montgomeryacademy.org"
a,Day Camps,Summer Camp Program at AIM Academy,530 Antioch Lane,Pike Road,AL,36064,(334) 649-8341,https://youraimacademy.com,,Ages 5-10,"AIM Summer Camp; May 27-July 31 from 6:45 A.M. to 6:00 P.M., Mon.- Fri Discount available if you pre-register for the entire 10 weeks. Limited spots available, first come first serve"
a,Day Camps,Trinity School Day Camps,1700 East Trinity Blvd.,Montgomery,AL,36106,(334) 213-2100,https://trinitywildcats.com,,Age varies by camp,Camp Dates and ages to be announced soon. ***more to come Please refer to Trinity Presbyterian School website for more information at www.trinitywildcats.com/summercamps
,Day Camps,Alabama State University SKYCAP/ReImagined 2026,915 S. Jackson Street,Montgomery,AL,36104,(334) 229-4686 or (334) 229-4317,https://alasu.edu/continuingeducation,,1st-12th Grade,"Dates to be announced soon. Alabama State University's Division of Continuing Education is bringing their Summer Youth/Kids College Adventure Program (SKYCAP) back with online and face-to-face options! SKYCAP Reimagined, a newly designed program, is a fun-filled college learning adventure for children and youth in grades 2 - 9. SKYCAP Reimagined will support students in their journey to academic and personal success. While participating in the SKYCAP Reimagined program participants will enhance their academic skills, explore natural and social sciences, focus on creative expression, learn health and physical fitness, and reinforce STEAM skills. Contact the Division of Continuing Education at 334-229-4788 for specific details on weekly camp locations, dates and times. Visit our website at www.alasucontinuinged.com for more information on our Youth Programs and ASU's Kids Academy offerings."
,Day Camps,Alabama Wildlife Federation,3050 Lanark Road,Millbrook,AL,36054,(334) 285-4550,https://alabamawildlife.org,,Age varies by camp,"ANC Summer Camp: May 26 through August 7. Please visit our website for session dates and descriptions for each camp. All camp sessions are co-ed and full day, 8:30 A.M. to 3:30 P.M.; with the exception of Tadpole Camp. Lunch is included and extended care is available. Tadpole Camp for ages 5 years. Nature Navigators for ages 6-7 years. Trail Blazers 4-day camp for ages 8-9. Heritage Explorers for ages 10-11. High Adventure for ages 12-15. ARTventure for ages 8-12. Fishing Fundamentals for ages 10-15. Gross Out Camp Sponsored by Fresh Air Family for ages 6-9."
,Day Camps,Boys & Girls Clubs of the River Region,"Chisholm, 2612 Lower Wetumpka, West End, 220 Crenshaw St, and Wetumpka, 399 North Alabama Street",Montgomery,AL,36104,(334) 832-4288,https://Bgcmala.org,,,"May 26-July 31. Focus on 5 core program areas: Education, Arts, Sports & Recreation, Health & Life Skills and Citizenship Leadership Development. Cost: $10 per child per year which includes 2 shirts. Mon-Fri, 9 a.m.- 5 p.m. Please call for school term schedule."
,Day Camps,Camp Chandler - YMCA,,,,,,,,Ages 5-12,Camp Chandler: June 1-July 24. Camp Chandler will be offering day camp Monday through Friday for eight weeks this summer for children ages 5 to 12. Hot breakfast and lunch will be provided. Day camp is perfect for first-time campers or anyone who wants to participate in some of our famous Camp Chandler activities with our fun-loving Camp Chandler staff.
,Day Camps,Camp Eagle,3240 Vaughn Road,Montgomery,AL,36106,(334) 272-8210,https://montgomeryacademy.org,info@montgomeryacademy.org,Grades 1-5,"Camp Eagle: June 1-5, June 8-12, June 15-18, June 22-26, July 6-10, July 13-17 and July 21-25. Camp Eagle may be combined with some of our other camps. Please visit our website for more information and pricing."
,Day Camps,Camp Grandview — YMCA,4700 Camp Grandview Road,Millbrook,AL,36054,(334) 290-9622,https://ymcamontgomery.org,,Ages 5-15,"Grandview YMCA Day Camp: May 26 - August 7 Grandview Family YMCA Summer Day Camp is an action-packed outdoor experience led by highly trained and imaginative YMCA staff, located on 190 wooded acres with two beautiful lakes. As a Day Camp, our facilities are unmatched; a water park, lap pool, an airnasium, fishing pond, athletic fields, hiking trails, mud pit, disc golf, ga-ga pits, an archery range, art and game room, and a gymnasium. This camp is for children that have completed kindergarten through 10th grade. Find more info at ymcamontgomery.org."
,Day Camps,Camp Sunshine for Boys,3067 Carter Hill Road,Montgomery,AL,36111,(334) 262-2697,https://tukabatcheebsa.org,,Ages 6-11,July 20-24
,Day Camps,Montgomery Zoo,,,,,,,,,
,Day Camps,Camp Tukabatchee,3067 Carter Hill Road,Montgomery,AL,36111,(800) 977-2688,https://tukabatcheebsa.org,,Age varies by camp,Boy Scout Day and resident camps. June 14-20
,Day Camps,Prattville Parks & Recreation Summer Youth Program,,,,,,,,,"Weekly Field Trips, Games, Crafts and Swimming Begins May 30 until the Friday before school starts, 7a.m. until 6 p.m.; Ages 5 going into K-6th grade. Registration begins April 1st at the Doster Center. Parent Orientation Date: May 23 Registration Fee – Non-refundable $75 registration per child; $75/week."
,Day Camps,Montgomery Zoo,2301 Coliseum Parkway,Montgomery,AL,36110,(334) 240-4900,https://montgomeryzoo.com,,Age varies by camp,"THE QUEST OF THE SUMMER! Make summer vacation a wildlife adventure that you will never forget. Join kids of similar ages and interests for a fun-packed, educational experience themed around ZOOFARI WORLD QUEST. See daily live animal presentations; get up close and personal with some of the Educational animals at the Montgomery Zoo; enjoy scavenger hunts; craft time; classroom time; playtime, train, and sky lift rides; participate in animal encounters with the giraffes, river otters, parakeets and our collection of petting zoo animals; see behind the scene tours and visits with our zookeepers, and other staff members. Camps and Dates June 1-5; 5-6 year olds June 8-12: 5-6 year olds June 15-19: 7-8 year olds June 22-26: 7-8 year olds July 6-10: 9-10 year olds July 13-17: 9-10 year olds July 20-24: 11-12 year olds"
,Day Camps,YMCA Cleveland Branch,1201 Rosa L. Parks Avenue,Montgomery,AL,36108,(334) 265-0566,https://ymcamontgomery.org,,Ages 3-12,"10 weeks of Youth Specialty Camps, May 26 until July 31."
,Day Camps,YMCA East Branch,3407 Pelzer Ave,Montgomery,AL,36109,(334) 272-3390,https://ymcamontgomery.org,,Ages 4-11,"10 weeks of Youth Specialty Camps, May 26 until July 31."
,Day Camps,YMCA Goodtimes,2325 Mill Ridge Drive,Montgomery,AL,36117,(334) 279-8666,https://ymcamontgomery.org,,Ages 4-11,"Summer Goodtimes Day Camp: May 26-July 31.Children can do everything from learning how to swim improving their reading skills. Every day your child will participate in learning enrichment activities that stretch their mind, daily devotions that will teach them character through skits and songs, and health and nutrition through the daily snack and lunch program. Summer Goodtimes Day Camp will be offered at Cleveland YMCA, East YMCA, Goodtimes Center, and Wetumpka YMCA. www.ymcamontgomery.org"
,Day Camps,YMCA Kershaw,2225 West Fairveiw Ave.,Montgomery,AL,36108,(334) 265-1433,https://ymcamontgomery.org,,Age varies by camp,"Summer Camp Dates, May 26 until July 31."
,Day Camps,YMCA Montgomery Emory Folmar Soccer Complex,300 Brown Springs Road,Montgomery,AL,36117,(334) 396-9754,https://ymcamontgomery.org,,Age varies by camp,"The YMCA of Greater Montgomery is inspiring youth by teaching the fundamentals of the game of soccer. These skills will assist in the overall development of the youth that are participating. They will learn how to pass, shoot, one-touch, throw -in, free kick, penalty kick, goal keeping, offense and defense. Participants will have comprehension of the rules and terminology of the game of soccer. Please check our website for Soccer Camp dates and details."
,Day Camps,YMCA Prattville,600 East Main Street and 972 McQueen Smith Rd. S,Prattville,AL,36067,(334) 358-9622,https://prattvilleymca.org,,Age varies by camp,"•Prattville YMCA Summer Day Camp, girls and boys ages 6-12. Begins May 26 – July 31. Mon. – Friday from 7 a.m. until 6 p.m. Summer Day Camps are available at Daniel Pratt Elementary School, Main and Pine Level Elementary School. For more information contact the YMCA Childcare Branch at (334) 358-1446. Online registration available at prattvilleymca.org. Financial assistance available for those who qualify. • Gymnastics and Cheer Camp, Ages 5 ½ and up. Dates to be announced. For more information call YMCA Don M. Smith Branch, 365.8852 • Super Summer Sport Camps, Mon-Thurs, 9 a.m.- 12 p.m. YMCA Bradford Branch – 358-9622 Sports Camp Dates will be available May 1. Girls' Volleyball Camp, Ages 8-12 Girls' Basketball Camp, Ages 6-12 Boys' Basketball Camp, Ages 6-12 Fishing Camp, Ages 8-16 Boys' Baseball Camp, Ages 6-12 Girls Softball Camp, Ages 6-12 Soccer Camp, Ages 6-12 Outdoor Adventure Camp: Boys & Girls, ages 9-16. Members and Non-Members. Dates will be available May 1 • Prattville YMCA Camp 2:22 Teen Camp, rising 7th graders – rising 9th graders, girls and boys. Begins May 27-August. Mon. – Friday from 7 a.m. until 6 p.m. Camp 2:22 is held at the Bradford Branch on McQueen Smith Road. For more information contact the YMCA Bradford Branch at (334) 358-9622. Online registration available at prattvilleymca.org. Financial assistance available for those who qualify."
,Day Camps,YMCA Southeast Branch,3455 Carter Hill Road,Montgomery,AL,36111,(334) 262-6411,https://ymcamontgomery.org,,Ages 5-15,"Summer Camp Dates, May 26 until July 31."
,Day Camps,YMCA Wetumpka,200 Red Eagle Road,Wetumpka,AL,36092,(334) 567-8282,https://ymcamontgomery.org,,Ages 5-12,"Summer Camp Dates, May 26- July 31. Please call for more information on times and fees."
,Day Camps,YMCA Wilson,1445 New Park Drive,Montgomery,AL,36117,(334) 356-8471,https://ymcamontgomery.org,,Ages 5-12,"Summer Camp Dates, May 26-July 31. Please call for more information on times and fees."
,Day Trips,Callaway Gardens,US Hwy 18,Pine Mountain,GA,31822,1-800-Callaway,https://callawaygardens.com,,,"Summer hours- 9:00 am-6:00 pm daily. Callaway Gardens is a great location for family vacations in Georgia. Your family will love hiking in our gardens, swimming in Robin Lake, exploring the Cecil B. Day Butterfly Center, golf, spa and more. Summer Family Adventure is a four- to seven-night Summer vacation that connects your loved ones and offers countless options for fun in a beautiful natural environment. Callaway Gardens partners with the Florida State University Flying High Circus, whose members lead guests ages 3-17 in a variety of exciting day-camp activities. Adults have their own eclectic lineup of offerings, and late afternoons and evenings reunite families to enjoy beach parties and competitions, bingo and trivia games, educational shows and outings, and much more."
,Day Trips,Chewacla State Park,124 Shell Toomer Pkwy.,Auburn,AL,36830,(334) 887-5621,https://alapark.com/Chewacla,,,"696 scenic acres are a delightful pause from nearby interstate traffic. Facilities include a 26-acre lake, swimming area, playgrounds, hiking trails, a modern campground, picnic areas with tables, grills and shelters, and newly renovated cabins."
,Day Trips,Coosa River Adventures,415 Company Street,Wetumpka,AL,36092,(334) 514-0279,https://coosariveradventures.com,,,"Available all days (weather permitting). Scheduling is required. Cost is $99 per two-person canoe, $79 per sit-on-top, two person kayak and $39 per sit-on-top, one-person kayak. Stand-up paddleboards rental is $39. Cost includes transportation to the launch site, paddles and life jackets. Shuttle rate for those owning their own equipment is $15 per kayak or canoe. Try out tote-n-float Program. Simply tote one of our boats and float your favorite waters. Canoes are $69 a day. add tax to prices listed. Call for appointment and scheduling."
,Day Trips,DeSoto State Park,"13883 County Road 89, Fort Payne, AL",Fort Payne,AL,36967,(256) 845-0051,https://alapark.com/DeSotoResort,,,"Nestled atop beautiful scenic Lookout Mountain in northeast Alabama, this 3,502-acre park provides Mountain Chalets, Log & Rustic Cabins, Motel Rooms, Meeting Rooms, and also has both Improved & Primitive campgrounds. Also features a picnic area with playground, Olympic-size swimming pool, nature center with interpretive programs and live animals, & over 19 miles of hiking & mountain biking trails."
,Day Trips,Georgia Aquarium,"225 Baker St. NW, Atlanta, GA",Atlanta,GA,30313,(404) 581-4000,https://georgiaaquarium.org,,,"With more than eight million gallons of fresh and marine water and more aquatic life than found in any other aquarium, you are sure to see things you've never seen before! Please check our website for rates and specials. Annual, premium, combo, and group rates available"
,Day Trips,Great Wolf Lodge,150 Tom Hall Parkway,La Grange,GA,30240,(844) 473-9653,https://greatwolf.com/georgia,,,"Resort near Atlanta features indoor water park fun, kid-friendly actitivities, dining options and more - all under one roof. Lodging available."
,Day Trips,Horseshoe Bend Military Park,11288 Horseshoe Bend Rd.,Daviston,AL,36256,(256) 234-7111,https://www.nps.gov/hobe/index.htm,,,"Monday-Sunday 8:00 am – 5:00 pm. Tour the free museum and view the 22 minute film, ""The Battle of Horseshoe Bend"". Then enjoy hiking the trails, a picnic, canoe the Tallapoosa River, and go fishing. Children (6 to 12 years old) with families are encouraged to participate in the Junior Ranger Program. Program booklets are available free at the Visitor Center. Children completing the required activities will be awarded a Certificate and Junior Ranger Badge. The program must be completed while in the Park and is not available for groups."
,Day Trips,Imagine It! Children's Hands on Museum,275 Centennial Olympic Park Drive NW.,Atlanta,GA,30313,(404) 659-5437,https://childrensmuseumatlanta.org,,,"Atlanta's only children's museum, is the perfect place for children age eight and under and their families to learn and explore together in a safe and fun hands-on environment."
,Day Trips,Lake Lanier Islands - Chattahoochee Rapids Beach & Water Park,7000 Holiday Rd.,Buford,GA,30518,(800) 840.LAKE,https://lakelanierislands.com,,,"With more than a dozen exciting rides and attractions, Chatttahoochee Rapids Beach & Waterpark at Lake Lanier Islands Resort offers summer fun for the entire family. The Kiddie Lagoon and Wiggle Waves are perfect for pint-sized guests and relaxing is easy on our half-mile of sandy white beach!"
,Day Trips,Legoland Discovery Center,3500 Peachtree Rd. NE,Atlanta,GA,30326,(404) 848-9252,https://legolanddiscoverycenter.com,,,"Explore our indoor attractions! 15 rides and attractions including LEGO rides, soft play area, 4D cinema, MINILAND, guided tours, DUPLO Village, LEGO Friends Olivia's House, LEGO Ninjago Laser Maze and more, all ideal for children ages 3-10 years."
,Day Trips,McWane Science Center,200 19th Street North,Birmingham,AL,35203,(205) 714-8300,https://mcwane.org,,,"Rates range $14-$22; Children under 2 Free; Monday-Friday 9:00 am-5:00 pm, Saturday 10:00 am- 6:00 pm, Sunday 12:00-6:00"
,Day Trips,Port Columbus - National Civil War Naval Museum,1002 Victory Drive,Columbus,GA,31901,(706) 327-9798,https://portcolumbus.org,,,"The National Civil War Naval Museum tell the story of the sailors, soldiers, and civilians, both Free and enslaved as affected by the Navies of the American Civil War and provides a repository for relevant archives and artifacts on the subject, for all generations of the public. The Museum uses all available media systems/distribution platforms and live interpretation in furtherance of this mission."
,Day Trips,Stone Mountain,"U.S. Highway 78 East, Exit 8",Stone Mountain,GA,30083,(800) 401-2407,https://stonemountainpark.com,,,"Toddlers 2 and under Free, Discounts and annual passes available; Summer at the Rock! June 7-July 27; 10:30 am -8:00 pm. Summer at the Rock includes adventure and excitement for every member of the family. From fun filled attractions to special summer entertainment and the nightly Lasershow Spectacular in Mountainvision, it's the perfect destination for you and your family to unplug and reconnect this summer. Experience Stone Mountain Park daily during Summer at the Rock. Board the Scenic Railroad and take a trip around the base of the Mountain. Challenge yourself on SkyHike, the nation's largest family adventure course, or cool off and play in spray on Geyser Towers...the adventures are endless! Please visit our website for tickets options and pricing."
,Day Trips,Swayback Bridge Trail,Jordan Dam Road in Elmore County,Wetumpka,AL,,(334) 567-9090,https://trailoflegends.org,,,"Hiking/Biking approximate 8-mile trail with arrows and 1/4-mile markers so you can turn back when you reach your limit. Or the looping nature of the trail allows for crossover at several points to shorten your trip. Trail has views of creek and the Swayback Bridge, which is part of the old Hwy. 231. No charge, but do accept donations to help maintain the trail. No motorized vehicles or horses allowed."
,Day Trips,Windcreek State Park,4325 Alabama Highway 128,Alexander City,AL,35010,(256) 329-0845,https://alapark.com/WindCreek,,,"This park spans 1,445 acres along the shores of scenic Lake Martin, that is a 41,000-acre clear-water reservoir perfect for fishing, swimming and boating. Park facilities include the largest state-operated campground in the United States with 626 sites."
a,Education/Science/Technology Camps,Montgomery Academy Educational Camps,3240 Vaughn Road,Montgomery,AL,36106,(334) 272-8210,https://montgomeryacademy.org,info@montgomeryacademy.org,Age varies by camp,"AI in Action: June 1-5 and 8-12 for Grades 10-12 ACT Prep, English: June 8-10, July 14-16 and July 21-23 for Grades 10-12; Crazy Cool Chemistry Camp: June 8-12 for Grades 3-5; ACT Prep, Math: June 9-12, July 14-16 and July 21-23 for Grades 9-12th; Time Management and Executive Functioning: June 15-17 for Grades 9-12 Intro to TI-84 Graphing Calculator: June 15-17 for Grades 10-12; Intro to Python: July 6-10 and July 13-17 for Grades 9-12; Fact Attack, Power up your Math Facts!: July 21-23 for Grades 3-5. Some or our Educational Camps can be combined with Camp Eagle. Please visit our website for more information and pricing."
,Education/Science/Technology Camps,ACT Bootcamp,608 East Fairview Ave.,Montgomery,AL,36106,(334) 524-7371,https://leestestprep.com,,Ages 14 to adult,"ACT Boot Camp: June 8-12 and July 6-10. Lee Gonet's unique method of having students take multiple practice tests, individually rework missed problems, and then review error types in group settings improves students' scores dramatically, increasing ACT composites from 2 to 12 points in just a week's time. This intensive prep class is Monday through Friday, includes book, practice tests, handouts, water, snacks, and 40 hours of testing and instruction."
,Education/Science/Technology Camps,Mathnasium Summer Power Math Workout Programs,3453 Malcolm Drive (Taylor Road at Billingsley Place Promenade),Montgomery,AL,36117,(334) 521-8327,https://mathnasium.com/eastmontgomery,,2nd-12th Grade,"Mathnasium in the Summertime Solidify foundations, improve understanding, and get ahead on next year's concepts in a fun, low-pressure environment."
,Educational/Training/Miscellaneous,Churchill Academy,265 McGehee Road,Montgomery,AL,36111,(334) 625-8252,https://churchillacademyinc.org,,Grades K-12,Tutoring available for summer. Grades K-12. One-on-one tutoring. Call for rates. Times at parents' convenience. Location provided by age.
,Educational/Training/Miscellaneous,Enjoy Learning Center,"2801 Vaughn Plaza Rd., Suite H",Montgomery,AL,36116,(334) 625-9535,https://enjoylearningcenter.com,,Ages 4+,"One-on-one tutoring for ages 4 to adult. Math, science, reading, comprehension, phonics, spelling, writing, graduation exit exam, ACT and SAT. Certified, skilled teachers. Credit/debit cards accepted."
,Educational/Training/Miscellaneous,Huntington Learning Center,"3251 Malcolm Drive,",Montgomery,AL,36116,(334) 277-9200,https://huntinghelps.com,,Ages 5+,"Individual testing and tutoring in reading, study skills, writing, phonics, spelling, math and ACT/SAT prep, GED and exit exam. Students ages 5 - adult."
,Educational/Training/Miscellaneous,MasterRead,2815-C Zelda Rd.,Montgomery,AL,36106,(334) 271-6295,,,Grades K-12,"Grades K-12 individual tutoring. Sessions for reading, comprehension, phonemic awareness, phonics, math, composition, spelling, study skills and ACT/SAT preparation and Exit Exam preparation."
,Educational/Training/Miscellaneous,Montgomery Catholic Preparatory Summer Camps,5350 Vaughn Road,Montgomery,AL,36116,(334) 272-7221,https://montgomerycatholic.org,,Age varies by camp,"Middle and High School VEX V5 Robotics: June 16-18 Middle School VEX IQ Robotics: July 7-9 Junior Engineers Summer Camp: July 14-16, Maker's Space Summer Camp: July 21-23. Please call for more information."
,Educational/Training/Miscellaneous,Summer School & Tutoring at Success Unlimited,4500 Vaughn Road,Montgomery,AL,36116,(334) 213-0803,https://suacademy.com,,Age varies,"Summer School, June 2-July 23. Call now to enroll. Enrollment is limited. Dress code required. Tutoring offered at various dates and time. All grade levels. One on one time and Small Groups."
,Educational/Training/Miscellaneous,Summer Shows,1010 Forest Ave.,Montgomery,AL,36106,(334) 625-4799,Facebook under Gayle Planetarium,,,Running two shows through the summer. The shows play on Saturdays. Please call for more details and times.
a,Horseback Riding/Equestrian Camps,Riverview Camp for Girls,757 County Road 614,Mentone,AL,35984,(800) 882-0722,https://riverviewcamp.com,,Age varies by camp,"May 31 - July 24. Short Term 1-week sessions Long Term 2-week sessions Riverview is embraced by tall graceful pines and billowing hardwoods, nestled into a bend of Little River atop Lookout Mountain. Beautiful flower gardens grow along the pebble pathways and building entrances throughout the campground. Girls live in simple yet lovely rustic cabins with the modern conveniences necessary to make camping comfortable. Other: ACA accredited. Free video and catalog. Non-denominational Christian camp. More than 15 activity choices available, including daily horseback riding, climbing tower, pool, tennis courts and ropes course Ages: Girls Ages 6-16"
,Horseback Riding/Equestrian Camps,MANE's Unified Summer Camp,3699 Wallahatchie Road,Pike Road,AL,36064,(334) 213-0909,https://maneweb.org,,Ages 4-14,"4 weekly Camp sessions. Cost $250 per week. May 26-28, June 2-4, June 16-18 and June 23-25."
,Horseback Riding/Equestrian Camps,Valley View Ranch Equestrian Camp for Girls,606 Valley View Ranch Road,Cloudland,GA,30731,(706) 862-2231,https://valleyviewranch.com,info@valleyviewranch.com,"Girls, 8-17","1-1 Week session, 3 Two Week sessions and 1-3 week session offered. Horse lovers' paradise since 1954! A'top Lookout Mountain, for 50 girls, 600 acres, English, Western, Barrels, Vaulting, and Trails. CHA instructors teach beginner to advanced riders. Spend 4-6 hours daily with your OWN camp horse. The Jones family are third generation horse lovers, camp administrators, and equine educators making girls dreams come true!"
,Libraries,Autauga Prattville Public Library,254 Doster Street,Prattville,AL,,(334) 365-3396,appl.info,applkids@bellsouth.net,Age varies by camp,Preregister at any Autauga Prattville Public Library Branch Today! The Summer Reading Program is to encourage reading throughout the summer months. Children going into grades preschool-6th grade are invited to participate.
,Libraries,Millbrook Library,3650 Grandview Road,Millbrook,AL,,(334) 285-6688,,,Ages 4-12,Summer Reading Program for Ages 4-12; The Summer Reading Programs is to encourage reading though out the summer months and enjoy different adventures and travel to exciting places.
,Libraries,Montgomery Library,,Montgomery,AL,,,,,Age varies by camp,Sign up for summer reading programs to be held at various locations. https://www.mccpl.lib.al.us/
,Libraries,Pike Road Library,,Pike Road,AL,,(334) 625-4886,,,Age varies by camp,Dates to be announced.
,Libraries,Wetumpka Library,"212 S. Main Street,",Wetumpka,AL,,(334) 567-1308,,,Age varies by camp,Summer program offered for grades 1 – 6. Meeting at Wetumpka Civic Center. Registration starts in May. Summer program offered for grades 7-12 and begins in June.
,Martial Arts,Camp NextGen at NextGen Martial Arts in Prattville,698 Old Farm Lane,Prattville,AL,36066,(334) 590-3759,https://nextgenmartialarts.com,todd@nextgenmartialarts.com,Age varies by camp,Dates to be announced.
,Martial Arts,Family Karate Center,8159 Vaughn Road,Montgomery,AL,36116,(334) 220-9319,,,Ages 2+,Kids Karate camp for summer program offered every day. Ages 2 years old and up.
,Martial Arts,Fleming's Martial Arts,5521 Wares Ferry Road,Montgomery,AL,36117,(334) 277-5425,https://flemingsmartialarts.net,,,Summer Camps all summer from June-July. Please call for more information.
,Martial Arts,Johnson Martial Arts Academy,1751 Eastern Blvd.,Montgomery,AL,36117,(334) 284-2344,https://johnsonsmartialartsacademy.com,,,Please call for more details.
,Martial Arts,Montgomery Judo Academy,1555 Eastern Blvd,Montgomery,AL,36117,(631) 767-8052,,,,"Your child will reach new heights when they learn judo the gentle way! Gain confidence, build character, and learn respect. Teaching kids, teens and adults."
,Martial Arts,Tiger Park Taekwondo and Chung's Taekwondo,3125 Bell Road,Montgomery,AL,36116,(334) 277-2627,https://tigerparktaekwondo.com,,,Classes for everyone Ages 3 to adult. We run specials often so please call or check our website for specials.
,Martial Arts,Tiger-Rock Taekwondo Academy,2750 Bell Road,Montgomery,AL,36117,(334) 244-1465,https://tigerrockmartialarts.com,,,Find Your Focus through traditional Taekwondo. Please call for more information regarding Summer Programs.
,Recreation,Doster Center,424 South Northington Street,Prattville,AL,36067,(334) 361-3640,https://prattvilleal.gov,,Age varies,Swim lessons and swim team (enrollment limited). Registration begins May 1st. Swim Team is affiliated with YMCA. Please call for more information.
,Recreation,YMCA Goodtimes Center,"2325 Mill Ridge Drive, Montgomery",Montgomery,AL,36117,(334) 279-8666,https://ymcamontgomery.org,,Ages 5-11,"The YMCA Goodtimes program is designed to give our participants an active way to enjoy the summer, with daily devotions, swim lessons, a water park pool, organized indoor and outdoor games and creative activities. Ages 5 yrs. - 11 yrs. Non- members $160 and Members $120; $50 non-refundable registration fee for non-member and members."
,Skating,2211 Ultimate Playzone,3541 McGehee Road,Montgomery,AL,36111,(334) 593-7180,https://2211ultimateplayzone.com,,,Summer Hours are Tuesday thru Friday from 1 P.M. Summer Open Skate - $8 ( includes skate and entry) Please visit our website for more information.
,Skating,Skate Zone Wetumpka,88 Red Eagle Pkwy.,Wetumpka,AL,36092,(334) 567-4434,Facebook under Skate Zone Wetumpka,,,Please call for Summer hours and rates. Please visit us on Facebook under Skate Zone 2000.
a,Sports Camps,Faulkner University Baseball Camp,5345 Atlanta Hwy.,Montgomery,AL,36109,(334) 386-7980,https://faulknerbaseballcamps.com,pmmccarthy@faulkner.edu,,"Whether you are a youth player looking to receive top instruction from a college coach, or you are a high school player hoping to hone your skills to reach the next level, we have something to offer you! All players must bring their own baseball equipment including sneakers/turf shoes in case of inclement weather. Youth Session I: June 8-11; Youth Session II: June 15-18; Youth Session III: June 22-25"
a,Sports Camps,Macon East Academy Sports Camps,15396 Vaughn Road,Cecil,AL,36013,(334) 277-6566,https://maconeast.net,,Age varies by camp,Elementary Softball Camp: June 16-18 (rising 2nd-6th grade); Elementary Baseball Camp: June 8-10 (rising 2nd-6th grade); Lady Knights Volleyball Camp: June 8-10 (rising 2nd-6th graders); Elementary Basketball Camp: June 22-24 ( rising 2nd-6th graders); Flag and PeeWee Football: August 4-6 (rising 4th-6th grade)
a,Sports Camps,Montgomery Academy,3240 Vaughn Road,Montgomery,AL,36106,(334) 272-8210,https://montgomeryacademy.org,info@montgomeryacademy.org,Age varies by camp,"Soccer Camp: Grades 1-6, June 1-5 Cheer Camp: Grades 1-6, June 2-4 Football Camp: Grades 2-6, June 8-10 Girls Basketball Summer Skillz Camp: Grades 3-5, June 9-11 Baseball Camp: Grades 1-6, June 15-17 Soccer Camp: Grades 1-6 Taekwondo Camp: Grades 1-5, June 23-25 Pass Set: Boom Daddy Volleyball Camp: Grades 4-7, July 6-8 Boys Basketball Camp: Grades 1-8, July 6-8 Sports Camps can be combined with Camp Eagle. Please visit our website for more information and pricing."
a,Sports Camps,Montgomery Catholic Preparatory Summer Camps,5350 Vaughn Road,Montgomery,AL,36116,(334) 272-7221,https://montgomerycatholic.org,,Age varies by camp,Baseball- June 9-11 Soccer - June 23-25 Basketball- 2-4 Volleyball- July 9-11 Softball- June 9-11 Cheer- July 21-23
a,Sports Camps,O'Connor Tennis Camps,500 Anderson Street,Montgomery,AL,36107,(334) 240-4884,https://oconnortenniscenter.com,bbradshaw10s@gmail.com,Age varies by camp,"Summer Camps Monday - Thursday Age 5-6; 9:00-10:00 AM Age 7-17; 9-11 a.m. $120 per week, $40 per day drop in. Dates: June 1-4, 8-11, 15-18, 22-25, July 6-9, 13-16, 20-23, 27-30."
a,Sports Camps,Saint James School Sports Camps,6010 Vaughn Road,Montgomery,AL,36116,"(334) 277.8033, ext. 145",https://stjmontgomery.org,,Age varies by camp,"Saint James School will continue its summer tradition of providing a variety of sports and cheerleader camps for young athletes. Printed information will be available soon and will include cost, age groups, and other pertinent information. See www.stjmontgomery.org more more details. Basketball (Girls): June 1-3 Baseball: June 1-4 Basketball (Boys) : June 8-11 Soccer (Girls): June 9-11 Softball: June 15-18 Runnung: July 16-18 Volleyball: July 6-8 Wrestling: July 7-9 Football: May 9 Cheer: July 20-23"
a,Sports Camps,Alabama/Auburn Football Camp,6010 Vaughn Road,Montgomery,AL,36116,(334) 277-8033,https://stjmontgomery.org,,Grades 1-12,"Train with SEC Legends. May 9th from 8:30 a.m. - 12:30 p.m. Featuring legends like: Kevin Jackson, Antonio Langham, Terry Jones Jr., Stan White, Chris Shelling and Ti Duckworth.$125 per player."
,Sports Camps,FC Montgomery Soccer Futsal,5334 Atlanta Hwy.,Montgomery,AL,36117,(334) 498-4625,https://fcmontgomery.com,registrar@fcmontgomery.com,Ages 7-13,Brazilian Soccer Futsal Indoor Camps (indoor/air conditioned) Coach Bruno (Former pro & College coach - Masters Phy. Ed.) Please check back on our website for dates.
,Sports Camps,Goldfish Swim School,,Montgomery,AL,36117,(334) 373-1690,https://goldfishswimschool.com,,,"Register for our Jump Start Clinics! They are a great and easy way to get children ready to swim or progress toward their next swim level. Weekly this summer: 5 consecutive 30-minute lessons. Same time, same instructor."
a,Sports Clinics,Trinity Sports Camps,1700 E. Trinity Blvd,Montgomery,AL,36106,(334) 213-2100,https://trinitywildcats.com,,Age varies by camp,"Athletic Camps Open to the Public Girls Basketball Camp: June 2-4 from 1:30 P.M. -3:30 P.M., 5th grade Boys Basketball Camp: July 6-9 from 9:00 A.M. - 12:00 P.M, 3rd-8th grade Baseball: June 15-17 from 8 A.M.-11 A.M., 1st-6th grade Cheer Camp: July 27-29 from 8:30 A.M. - 12 P.M., K3 - 6th grade Dance Camp: July 30-31 from 9 A.M.-12 P.M., K3 - 6th grade Please refer to the Trinity website to learn more at https://www.tpswildcats.com/summer-programs"
,Sports Clinics,Faulkner Sports Camps,5345 Atlanta Hwy.,Montgomery,AL,36109,(334) 386-7148,https://www.faulkner.edu,,Age varies by camp,Softball camp; Dates TBA Basketball camp; June 15-18 for Boys 5-18 and June 22-25 for boys 5-18 Football Camp; TBA Men's soccer; Dates TBA Women's Basketball; June 8-11
,Sports Clinics,Huntingdon College Sports Camps,1500 East Fairview Avenue,Montgomery,AL,36106,,https://huntingdon.edu,,Age varies by camp,"Baseball High School Showcase Skills Camp, Grades 9-12, ; May 16; Summer Kids Camp 1, June 22-25; Summer Kids Camp II, July 20-23. Basketball Men's Elite Camp: May 31 (grades 9-12th) Kids Camp 1, June 23-26; Kids Camp 2, July 21-24; Women's Elite Camp, August 22 (grades 9-12th); Women's Soccer I.D. Camp (Grades 9th-12th), July 25 ; Softball Camp: Prospect Camp, July 25 for ages 7-12 grade."
,Sports Clinics,YMCA Montgomery Soccer Complex,300 Brown Springs Road,Montgomery,AL,36117,(334) 641-0122,https://ymcamontgomery.org,msanchez@ymcamontgomery.org,Ages 13+,Please visit our website for dates and camps offered at our Sports Complex. For ages 13 +.
,Sports Clinics,Young Meadows Sports Camp,5780 Vaughn Road,Montgomery,AL,36117,(334) 244-1385,https://youngmeadows.org,,Grades K5-6th,"Sports Camp is our Vacation Bible School held June 1-5 from 9 a.m. until 2 p.m. for children ages K5 through 6th grade. Older youth and adults serve as volunteers in various areas -- guides, leaders, teachers, snacks, and a many other areas leading up to Sports Camp and following up with those children and their families who attend. Activities include sports activities, bible studies, snacks and fun! Sports Camp encourages participation from children in the community and the greater neighborhood area as well as members and their friends and relatives. For information or to volunteer, call at 312-1732"
a,Swim,Adventure Sports,1546 East Ann St.,Montgomery,AL,36107,(334) 269-3483,https://adventuresports2.com,,Ages 2+,Have your child swimming before Summer. Private swim lessons offered for ages 2 years to adult YEAR round. Indoor and outdoor pool available. Heated indoor pool for year round lessons. Pool parties offered.
,Swim,"Pratt Park, Prattville",460 Doster Road,Prattville,AL,36067,(334) 361-3640,https://prattvilleal.gov,,Age varies,Swimming lessons. Ages 6months to 36 months and 3 and up. Please call for rates and session dates. Maximum of 20 kids. No makeup days due to weather unless the whole session is canceled. Check with your local branch for times and costs.
,Swim,Swim Prep,2212 Howard Murfee Blvd.,Montgomery and Prattville,AL,36067,(334) 375-2023,https://swimprepllc.com,jeffrey@swimprepllc.com,Ages 6 months+,Private One-o-one swim lessons starting at 6 months. Maintenance and group classes offered after student has graduated our program. Please visit our website for more information and to register.
,Swim,YMCA Branches,,,,,,,,,"Summer Swim Leagues; Registration: Now until August 1st. YMCA Goodtimes Center 279.8878, 2325 Mill Ridge Drive, Montgomery. East YMCA, 3407 Pelzer Ave., 272.3390 Southeast YMCA, 3455 Carter Hill Rd.,262.6411 Kershaw YMCA, 2225 W. Fairview Ave., 265.1433 Bell Road YMCA, 2435 Bell Rd., 271.4343 Cleveland Avenue YMCA, 1201 Rosa Parks, 265.0566 Prattville YMCA, 600 Main Street, 365.8852 Wetumpka YMCA, Red Eagle Dr., 567.8282."
